K金,吊坠,JSXH010
K金,耳饰,JSXH011
K金,脚链,JSXH012
K金,女戒,JSXH013
K金,其他,JSXH014
K金,情侣戒,JSXH015
K金,手链,JSXH016
K金,手镯,JSXH017
K金,项链,JSXH018
PT,吊坠,JSXH019
PT,耳饰,JSXH020
PT,男戒,JSXH021
PT,女戒,JSXH022
PT,其他,JSXH023
PT,情侣戒,JSXH024
PT,手链,JSXH025
PT,手镯,JSXH026
PT,项链,JSXH027
宝石,吊坠,JSXH028
宝石,耳饰,JSXH029
宝石,裸石,KLLB001
宝石,女戒,JSXH030
宝石,其他,JSXH031
宝石,情侣戒,JSXH032
宝石,手链,JSXH033
宝石,手镯,JSXH034
宝石,项链,JSXH035
彩钻,裸石,KLLC001
彩钻,女戒,JSXH036
翡翠,吊坠,JSXH037
翡翠,耳饰,JSXH038
翡翠,男戒,JSXH039
翡翠,女戒,JSXH040
翡翠,其他,JSXH041
翡翠,情侣戒,JSXH042
翡翠,手链,JSXH043
翡翠,手镯,JSXH044
翡翠,项链,JSXH045
配件,其他,JSXH046
普通黄金,吊坠,JSXH047
普通黄金,耳饰,JSXH048
普通黄金,脚链,JSXH049
普通黄金,金条,JSXH050
普通黄金,男戒,JSXH051
普通黄金,女戒,JSXH052
普通黄金,其他,JSXH053
普通黄金,情侣戒,JSXH054
普通黄金,手链,JSXH055
普通黄金,手镯,JSXH056
普通黄金,项链,JSXH057
其它,摆件,JSXH058
其它,吊坠,JSXH059
其它,耳饰,JSXH060
其它,脚链,JSXH061
其它,金条,JSXH062
其它,男戒,JSXH063
其它,女戒,JSXH064
其它,其他,JSXH065
其它,情侣戒,JSXH066
其它,手链,JSXH067
其它,手镯,JSXH068
其它,项链,JSXH069
投资黄金,吊坠,JSXH070
投资黄金,耳饰,JSXH071
投资黄金,金条,JSXH072
投资黄金,女戒,JSXH073
投资黄金,其他,JSXH074
投资黄金,手链,JSXH075
投资黄金,项链,JSXH076
银饰,男戒,JSXH077
银饰,手镯,JSXH078
银饰,项链,JSXH079
珍珠,摆件,JSXH080
珍珠,吊坠,JSXH081
珍珠,耳饰,JSXH082
珍珠,女戒,JSXH083
珍珠,其他,JSXH084
珍珠,情侣戒,JSXH085
珍珠,手链,JSXH086
珍珠,项链,JSXH087
钻石,吊坠,JSXH088
钻石,耳饰,JSXH089
钻石,裸石,KLL001
钻石,男戒,JSXH090
钻石,女戒,JSXH091
钻石,其他,JSXH092
钻石,情侣戒,JSXH093
钻石,手链,JSXH094
钻石,手镯,JSXH095
钻石,项链,JSXH096
