款式编号,款式名称,款式性别,产品线,款式分类,审核状态,是否定制,可做镶口,可做材质,材质颜色
KLPW029130,橄榄石玫瑰金吊坠,女,宝石,吊坠,保存,否,0,18K|PT950,玫瑰金|玫瑰黄|玫瑰白|黄白|分色
KLSW028870,PT950 手链,女,PT,手链,已审核,是,0,PT950,白
KLSW028731,18k-黄色手链,女,K金,手链,已审核,是,0,18K,黄
KLDW028730,18k-黄色玫瑰花形车花仿钻耳钉五瓣,女,K金,耳饰,已审核,是,0,18K,黄
KLDW028729,18k-黄色玫瑰花形车花仿钻耳钉六瓣,女,K金,耳饰,已审核,是,0,18K,黄
KLDW028728,18k-黄色LOVE光面耳钉,女,K金,耳饰,已审核,是,0,18K,黄
KLDW028727,18K-黄色镂空菱形耳钉,女,K金,耳饰,已审核,是,0,18K,黄
KLZW028726,18K-黄色球形车花耳坠,女,K金,耳饰,已审核,是,0,18K,黄
KLZW028725,18K-三色球形车花耳坠,女,K金,耳饰,已审核,是,0,18K,彩金
KLDW028724,18K-玫瑰色蝴蝶水滴车花耳坠,女,K金,耳饰,已审核,是,0,18K,玫瑰金
KLDW028723,18K-玫瑰色镂空双球形车花耳钉,女,K金,耳饰,已审核,是,0,18K,玫瑰金
KLDW028722,18K-玫瑰色四叶草镂空车花耳钉,女,K金,耳饰,已审核,是,0,18K,玫瑰金
KLDW028721,18K-三色镂空半球形耳钉,女,K金,耳饰,已审核,是,0,18K,彩金
KLDW028720,18k-玫瑰色镂空菱形耳钉,女,K金,耳饰,已审核,是,0,18K,玫瑰金
KLDW028718,18K-玫瑰色镂空车花耳钉,女,K金,耳饰,已审核,是,0,18K,玫瑰金
KLDW028717,18K-白色镂空双球形耳钉,女,K金,耳饰,已审核,是,0,18K,白
KLDW028716,18K-白色镂空球形耳钉,女,K金,耳饰,已审核,是,0,18K,白
KLDW028715,18K白色  耳钉,女,K金,耳饰,已审核,是,0,18K,白
KLDW028714,18K玫瑰金  耳钉,女,K金,耳饰,已审核,是,0,18K,玫瑰金
KLDW028713,18K玫瑰金  耳钉,女,K金,耳饰,已审核,是,0,18K,玫瑰金
KLDW028712,18K玫瑰金  耳钉,女,K金,耳饰,已审核,是,0,18K,玫瑰金
KLDW028711,18K黄色金  耳钉,女,K金,耳饰,已审核,是,0,18K,黄
KLDW028710,18K黄色金  耳钉,女,K金,耳饰,已审核,是,0,18K,黄
KLDW028709,18K黄色金  耳钉,女,K金,耳饰,已审核,是,0,18K,黄
KLDW028708,18K黄色金 耳钉,女,K金,耳饰,已审核,是,0,18K,黄
KLDW028707,18K玫瑰金+K黄色  双色耳钉,女,K金,耳饰,已审核,是,0,18K,彩金
KLDW028706,18K玫瑰金  耳钉,女,K金,耳饰,已审核,是,0,18K,玫瑰金
KLDW028705,18K玫瑰金+K黄色 双色耳钉,女,K金,耳饰,已审核,是,0,18K,彩金
KLZW028704,18K黄色金 耳坠,女,K金,耳饰,已审核,是,0,18K,黄
KLZW028703,18K黄色金  耳坠,女,K金,耳饰,已审核,是,0,18K,黄
KLZW028702,18K黄色金  耳坠,女,K金,耳饰,已审核,是,0,18K,黄
KLZW028701,18K白色金  耳坠,女,K金,耳饰,已审核,是,0,18K,白
KLZW028700,18K玫瑰金+K黄  双色耳坠,女,K金,耳饰,已审核,是,0,18K,彩金
KLPW028699,18K白色金 吊坠,女,K金,吊坠,已审核,是,0,18K,白
KLPW028698,18K白色金 吊坠,女,K金,吊坠,已审核,是,0,18K,白
KLPW028697,18K白色金 吊坠,女,K金,吊坠,已审核,是,0,18K,白
KLPW028696,18K黄色金 镂空葫芦吊坠,女,K金,吊坠,已审核,是,0,18K,白
KLPW028695,18K黄色金 吊坠,女,K金,吊坠,已审核,是,0,18K,黄
KLPW028694,18K黄色金 吊坠,女,K金,吊坠,已审核,是,0,18K,黄
KLPW028693,18K玫瑰金 吊坠,女,K金,吊坠,已审核,是,0,18K,玫瑰金
KLPW028692,18K玫瑰金 梅花吊坠,女,K金,吊坠,已审核,是,0,18K,玫瑰金
KLPW028691,18K玫瑰金  雪花吊坠,女,K金,吊坠,已审核,是,0,18K,玫瑰金
KLPW028690,18K玫瑰金 吊坠,女,K金,吊坠,已审核,是,0,18K,玫瑰金
KLPW028689,18K玫瑰金 镂空水滴吊坠,女,K金,吊坠,已审核,是,0,18K,玫瑰金
KLPW028669,18K玫瑰金 凤尾手链,女,K金,吊坠,已审核,是,0,18K,玫瑰金
KLPW028668,18K三色金 吊坠,女,K金,吊坠,已审核,是,0,18K,彩金
KLPW028667,18K黄金 叶子吊坠,女,K金,吊坠,已审核,是,0,18K,黄
KLPW028666,18K黄金 双面花吊坠,女,K金,吊坠,已审核,是,0,18K,黄
KLPW028665,18K黄金 镂空吊坠,女,K金,吊坠,已审核,是,0,18K,黄
KLPW028664,18K白金 梅花吊坠,女,K金,吊坠,已审核,是,0,18K,白
KLPW028663,18K黄金 星形吊坠,女,K金,吊坠,已审核,是,0,18K,黄
KLPW028662,18K黄金 梅花吊坠,女,K金,吊坠,已审核,是,0,18K,黄
KLPW028661,18K玫瑰金 星形吊坠,女,K金,吊坠,已审核,是,0,18K,玫瑰金
KLPW028660,18K玫瑰金 梅花吊坠,女,K金,吊坠,已审核,是,0,18K,玫瑰金
KLDW028631,白18K金翡翠A货耳钉,女,翡翠,耳饰,已审核,是,0,18K|PT950,白
KLNW028574,18K白金 心肖邦 项链,女,K金,项链,已审核,是,0,18K,白
KLNW028573,18K玫瑰金 心肖邦 项链,女,K金,项链,已审核,是,0,18K,玫瑰金
KLBW028572,18K玫瑰金 光面手镯,女,K金,手镯,已审核,是,0,18K,玫瑰金
KLBW028571,18K黄金 光面手镯,女,K金,手镯,已审核,是,0,18K,黄
KLNW028569,?PT950铂金项链 瓜子链 ,女,PT,项链,已审核,是,0,PT950,白
KLBW028568,18K白金 光面手镯,女,K金,手镯,已审核,是,0,18K,白
KLNW028565,PT950 长形盒仔 项链,女,PT,项链,已审核,是,0,PT950,白
KLNW028564,PT950 日字 项链,女,PT,项链,已审核,是,0,PT950,白
KLNW028563,PT950  O形竹节链 项链,女,PT,项链,已审核,是,0,PT950,白
KLNW028562,18K玫瑰金 方O字 项链,女,K金,项链,已审核,是,0,18K,玫瑰金
KLNW028561,18K玫瑰金 空心肖邦 项链,女,K金,项链,已审核,是,0,18K,玫瑰金
KLNW028559,18K白金 带高乐 项链,女,K金,项链,已审核,是,0,18K,白
KLNW028557,18K白金 带高乐 项链,女,K金,项链,已审核,是,0,18K,白
KLPW028553,18K绿碧玺吊坠,女,宝石,吊坠,已审核,是,0,18K|PT950,玫瑰黄|玫瑰白|黄白|分色
KLPW028552,18K红碧玺吊坠,女,宝石,吊坠,已审核,是,0,18K|PT950,玫瑰黄|玫瑰白|黄白|分色
KLPW028549,18K红碧玺吊坠,女,宝石,吊坠,已审核,是,0,18K|PT950,玫瑰黄|玫瑰白|黄白|分色
KLPW028547,18K红碧玺吊坠,女,宝石,吊坠,已审核,是,0,18K|PT950,玫瑰黄|玫瑰白|黄白|分色
KLNW028546,双环love套链-18K白,女,K金,项链,已审核,是,0,18K,白
KLNW028543,love套链-18K红,女,K金,项链,已审核,是,0,18K,玫瑰金
KLZW028536,18K金翡翠A货耳吊,女,翡翠,耳饰,已审核,是,0,18K|PT950,白|黄|玫瑰金
KLZW028535,18K金翡翠A货耳吊,女,翡翠,耳饰,已审核,是,0,18K|PT950,白|黄|玫瑰金
KLDW028534,18K玫瑰金翡翠A货耳钉,女,翡翠,耳饰,已审核,是,0,18K|PT950,白|黄|玫瑰金
KLNW028533,18K玫瑰金翡翠A货套链,女,翡翠,项链,已审核,是,0,18K|PT950,玫瑰黄|玫瑰白|黄白|分色
KLPW028532,18K玫瑰金翡翠A货吊坠,女,翡翠,吊坠,已审核,是,0,18K|PT950,玫瑰黄|玫瑰白|黄白|分色
KLNW028505,18K 白色套链-心形LOVE+心形光面,女,K金,项链,已审核,是,0,18K,白
KLNW028504,18K 黄色套链-心形LOVE+心形光面,女,K金,项链,已审核,是,0,18K,黄
KLDW028496,18K三色金皇冠耳订,女,K金,耳饰,已审核,是,0,18K,彩金
KLDW028495,18K三色耳订,女,K金,耳饰,已审核,是,0,18K,彩金
KLDW028494,18K玫瑰金耳订,女,K金,耳饰,已审核,是,0,18K,玫瑰金
KLDW028493,18K白心形耳订,女,K金,耳饰,已审核,是,0,18K,白
KLDW028492,18K白耳订,女,K金,耳饰,已审核,是,0,18K,白
KLDW028491,18K白耳订,女,K金,耳饰,已审核,是,0,18K,白
KLDW028490,18K白心形耳订,女,K金,耳饰,已审核,是,0,18K,白
KLSW028489,18K白梅花手链,女,K金,手链,已审核,是,0,18K,白
KLSW028488,18K玫瑰金方形字母手链,女,K金,手链,已审核,是,0,18K,玫瑰金
KLSW028487,18K三色金盒仔珠手链,女,K金,手链,已审核,是,0,18K,彩金
KLSW028486,18K玫瑰金盒仔珠手链,女,K金,手链,已审核,是,0,18K,玫瑰金
KLFW028485,18K三色金脚链-O字水滴片,女,K金,脚链,已审核,是,0,18K,彩金
KLPW028484,18K玫瑰金 吊坠-转运珠,女,K金,吊坠,已审核,是,0,18K,玫瑰金
KLPW028483,18K玫瑰金 吊坠-转运珠,女,K金,吊坠,已审核,是,0,18K,玫瑰金
KLPW028482,18K玫瑰金 吊坠-转运珠,女,K金,吊坠,已审核,是,0,18K,玫瑰金
KLPW028481,18K玫瑰金 吊坠,女,K金,吊坠,已审核,是,0,18K,玫瑰金
KLPW028480,18K三色金吊坠-冰激凌,女,K金,吊坠,已审核,是,0,18K,彩金
KLPW028479,18K三色金吊坠,女,K金,吊坠,已审核,是,0,18K,彩金
KLPW028478,18K三色金吊坠-钱罐,女,K金,吊坠,已审核,是,0,18K,彩金
KLPW028477,18K三色金吊坠-公主裙,女,K金,吊坠,已审核,是,0,18K,彩金
KLPW028475,18K三色金吊坠-钱袋,女,K金,吊坠,已审核,是,0,18K,彩金
KLPW028474,18K三色金吊坠-环珠,女,K金,吊坠,已审核,是,0,18K,彩金
KLPW028473,18K三色金吊坠-转运珠,女,K金,吊坠,已审核,是,0,18K,彩金
KLPW028472,18K三色金吊坠-香奈,女,K金,吊坠,已审核,是,0,18K,彩金
KLPW028471,18K三色金吊坠-一辈子,女,K金,吊坠,已审核,是,0,18K,彩金
KLNW028470,18K三色金 套链-七星 16寸：42cm+3cm链尾,女,K金,项链,已审核,是,0,18K,彩金
KLNW028469,18K三色金 套链-三星 16寸：42cm+3cm链尾,女,K金,项链,已审核,是,0,18K,彩金
KLQW028468,18K玫瑰金 套链-花环相扣 18寸：44cm,女,K金,其他,已审核,是,0,18K,玫瑰金
KLNW028467,18K玫瑰金 套链-心连心 16寸：42cm+3cm链尾,女,K金,项链,已审核,是,0,18K,玫瑰金
KLNW028466,18K三色金 套链 16寸：42cm+3cm链尾,女,K金,项链,已审核,是,0,18K,彩金
KLNW028465,18K黄三环套链 18寸：44cm-3cm链尾,女,K金,项链,已审核,是,0,18K,彩金
KLNW028464,18K白套链-蝴蝶字母  16寸：42cm+3cm链尾,女,K金,项链,已审核,是,0,18K,白
KLNW028463,18K双色套链双色四叶 16寸：40cm+3cm链尾,女,K金,项链,已审核,是,0,18K,玫瑰金
KLNW028462,18K玫瑰金字母链 16寸：40cm+3cm链尾,女,K金,项链,已审核,是,0,18K,玫瑰金
KLNW028461,18K玫瑰金字母链  16寸：40cm+3cm链尾,女,K金,项链,已审核,是,0,18K,玫瑰金
KLNW028460,18K玫瑰金字母链 16寸：40cm+3cm链尾,女,K金,项链,已审核,是,0,18K,玫瑰金
KLNW028459,18K玫瑰金字母链  16寸：40cm+3cm链尾,女,K金,项链,已审核,是,0,18K,玫瑰金
KLNW028458,18K玫瑰金O字链18寸：43cm-45cm,女,K金,项链,已审核,是,0,18K,玫瑰金
KLNW028457,18K玫瑰金 肖邦链16寸：40cm-42cm,女,K金,项链,已审核,是,0,18K,玫瑰金
KLNW028456,18K玫瑰金 蛇骨链 18寸：43cm-45cm,女,K金,项链,已审核,是,0,18K,玫瑰金
KLNW028455,18K玫瑰金 蛇骨链 16寸：40cm-42cm,女,K金,项链,已审核,是,0,18K,玫瑰金
KLNW028453,18K黄-侧身链18寸 43-45CM,女,K金,项链,已审核,是,0,18K,黄
KLNW028452,18K白金 心肖邦可调节 项链 18寸45cm,女,K金,项链,已审核,是,0,18K,白
KLNW028451,18K玫瑰金 圆O链 16寸：40cm-42cm,女,K金,项链,已审核,是,0,18K,玫瑰金
KLNW028396,18K 白套链-心形车花 42+3cm,女,K金,项链,已审核,是,0,18K,白
KLNW028395,18K 玫瑰金套链-心形LOVE+心形光面,女,K金,项链,已审核,是,0,18K,玫瑰金
KLNW028394,18K 玫瑰金套链-心形光面 42+2CM,女,K金,项链,已审核,是,0,18K,玫瑰金
KLNW028393,18K玫瑰金套链-心形车花 42+2CM,女,K金,项链,已审核,是,0,18K,玫瑰金
KLNW028392,18K 黄色套链心形光面 42+2CM,女,K金,项链,已审核,是,0,18K,黄
KLNW028391,18K 黄色套链心形车花 42+2cm,女,K金,项链,已审核,是,0,18K,黄
KLNW028379,18K 白色田字链 四叶草 16寸40-42CM,女,K金,项链,已审核,是,0,18K,白
KLNW028377,18K 彩金三色 嘴唇项链 16寸40-42CM,女,K金,项链,已审核,是,0,18K,彩金
KLDW028358,18K玫瑰金耳扣-辘珠边,女,K金,耳饰,已审核,是,0,18K,玫瑰金
KLDW028357,18K玫瑰金耳钉-蝴蝶,女,K金,耳饰,已审核,是,0,18K,玫瑰金
KLDW028356,18K玫瑰金耳钉-星星月亮,女,K金,耳饰,已审核,是,0,18K,玫瑰金
KLDW028355,18K玫瑰金耳钉-太阳花,女,K金,耳饰,已审核,是,0,18K,玫瑰金
KLDW028354,18K玫瑰金耳钉-玫瑰花,女,K金,耳饰,已审核,是,0,18K,玫瑰金
KLDW028353,18K白耳钉-四叶草车花,女,K金,耳饰,已审核,是,0,18K,白
KLDW028352,18K白耳钉-心形车花,女,K金,耳饰,已审核,是,0,18K,白
KLBW028351,18K黄-光面手镯,女,K金,手镯,已审核,是,0,18K,黄
KLBW028350,18K玫瑰金-光面手镯,女,K金,手镯,已审核,是,0,18K,玫瑰金
KLDW028334,PT951时尚耳钉 四叶草,女,PT,耳饰,已审核,是,0,PT950,白
KLDW028333,PT950时尚耳钉 镂空,女,PT,耳饰,已审核,是,0,PT950,白
KLNW028312,18K金 新闪O项链 玫瑰色 可拉伸可调节 18寸45CM ,女,K金,项链,已审核,是,0,18K,玫瑰金
KLRW028271,钻石女戒,女,钻石,女戒,已审核,是,0.30|0.50|1.00,18K|PT950,白|玫瑰金|黄|玫瑰白|玫瑰黄|黄白|分色
KLNW028270,钻石套链,女,钻石,项链,已审核,是,0.1,18K|PT950,白|玫瑰金|黄|玫瑰白|玫瑰黄|黄白|分色
KLPW028227,钻石吊坠,女,K金,项链,已审核,是,0,18K,玫瑰金|白|黄
KLRW028224,钻石女戒,女,钻石,女戒,已审核,是,0.1,18K|PT950,白|玫瑰金|黄|玫瑰白|玫瑰黄|黄白|分色
KLRW028223,钻石女戒,女,钻石,女戒,已审核,是,0.10|0.20,18K|PT950,白|玫瑰金|黄|玫瑰白|玫瑰黄|黄白|分色
KLSW028165,18K金-K黄色骨头手链 17CM链+3.5CM链尾,女,K金,手链,已审核,是,0,18K,黄
KLQW028158,18K金 珐琅烤漆胸针,女,宝石,其他,已审核,是,0,18K|PT950,彩金|黄|白|玫瑰金
KLSW028152,18K金-黄色水波纹手链,女,K金,手链,已审核,是,0,18K,黄
KLSW028151,18K金-红色水波纹手链,女,K金,手链,已审核,是,0,18K,玫瑰金
KLSW028150,18K金-红色蛇骨水波纹手链 17CM链,女,K金,手链,已审核,是,0,18K,玫瑰金
KLSW028147,18K金-白色骨头手链 17CM链+3.5CM链尾,女,K金,手链,已审核,是,0,18K,白
KLZW028112,18K金白东珠耳饰,女,珍珠,耳饰,已审核,是,0,18K|PT950,玫瑰黄|玫瑰白|黄白|分色
KLZW028111,18K金白东珠耳饰 ,女,珍珠,耳饰,已审核,是,0,18K|PT950,玫瑰黄|玫瑰白|黄白|分色
KLNX028105,18K黄-侧身链18寸 43-45CM,中性,K金,项链,已审核,是,0,18K,黄
KLNX028104,18K黄-卡地亚款方型O字链16寸40-42CM,中性,K金,项链,已审核,是,0,18K,黄
KLNX028103,18K黄-卡地亚款方型O字链18寸43-45CM,中性,K金,项链,已审核,是,0,18K,黄
KLNX028101,18K玫瑰金项链-卡地亚款项链 40-42CM ,中性,K金,项链,已审核,是,0,18K,玫瑰金
KLNX028100,18K玫瑰金项链-卡地亚款项链 43-45CM,中性,K金,项链,已审核,是,0,18K,玫瑰金
KLNX028099,18K白项链-嘴唇项链 16寸 40-42CM,中性,K金,项链,已审核,是,0,18K,白
KLNX028098,18K黄项链-嘴唇项链  16寸 40-42CM,中性,K金,项链,已审核,是,0,18K,黄
KLNX028097,18K玫瑰金项链-嘴唇项链 16寸40-42CM,中性,K金,项链,已审核,是,0,18K,玫瑰金
KLPW028089,18K金绿玉髓吊坠,女,宝石,吊坠,已审核,是,0,18K|PT950,黄|白|玫瑰金
KLBW028070,18K三色光珠 玫瑰金手镯,女,K金,手镯,已审核,是,0,18K,彩金
KLBW028069,18K白光珠 玫瑰金手镯,女,K金,手镯,已审核,是,0,18K,彩金
KLBW028068,18K金 黄色 细线手镯,女,K金,手镯,已审核,是,0,18K,黄
KLBW028067,18K三色金波纹手镯,女,K金,手镯,已审核,是,0,18K,彩金
KLBW028066,18K玫瑰金 三线手镯,女,K金,手镯,已审核,是,0,18K,玫瑰金
KLBW028065,18K玫瑰金 个性花款手镯,女,K金,手镯,已审核,是,0,18K,玫瑰金
KLBW028064,18K黄金 个性花款手镯―三颗爱心,女,K金,手镯,已审核,是,0,18K,彩金
KLPW028063,Pt950吊坠―小树,女,PT,吊坠,已审核,是,0,PT950,白
KLPW028062,Pt950吊坠―羊羊,女,PT,吊坠,已审核,是,0,PT950,白
KLPW028061,18K黄金吊坠―光面爱心,女,K金,吊坠,已审核,是,0,18K,黄
KLPW028060,18K黄金吊坠―旋转爱心,女,K金,吊坠,已审核,是,0,18K,黄
KLNW028049,18K白金项链―卡地亚方形O字链 18寸,女,K金,项链,已审核,是,0,18K,白
KLNW028048,18K白金项链―卡地亚方形O字链 16寸,女,K金,项链,已审核,是,0,18K,白
KLNW028047,18K 彩金三色 嘴唇项链 18寸45CM,女,K金,项链,已审核,是,0,18K,彩金
KLPW028040,铂PT950吊坠―杨桃,女,K金,吊坠,已审核,是,0,18K,彩金
KLRW027971,18K金 彩金三色 心心相印 戒指,女,K金,女戒,已审核,是,0,18K,彩金
KLPW027917,珂兰钻石 白18K金钻石环镶红宝碧玺吊坠A,女,宝石,吊坠,已审核,是,0,18K|PT950,黄|白|玫瑰金
KLNW027851,珂兰钻石 18K金天然白珍珠项链Z,女,珍珠,项链,已审核,是,0,18K|PT950,玫瑰黄|玫瑰白|黄白|分色
KLPW027844,珂兰钻石 18K金天然白珍珠项链Z,女,珍珠,吊坠,已审核,是,0,18K|PT950,玫瑰黄|玫瑰白|黄白|分色
KLPW027840,珂兰钻石 18K金天然白珍珠吊坠Z,女,珍珠,吊坠,已审核,是,0,18K|PT950,玫瑰黄|玫瑰白|黄白|分色
KLPW027837,珂兰钻石 18K金天然白珍珠吊坠Z,女,珍珠,吊坠,已审核,是,0,18K|PT950,玫瑰黄|玫瑰白|黄白|分色
KLPW027832,珂兰钻石 18K金天然白珍珠吊坠Z,女,珍珠,吊坠,已审核,是,0,18K|PT950,玫瑰黄|玫瑰白|黄白|分色
KLDW027822,珂兰钻石 18K金天然白珍珠耳钉Z,女,珍珠,耳饰,已审核,是,0,18K|PT950,玫瑰黄|玫瑰白|黄白|分色
KLNW027817,珂兰钻石 18K金天然白珍珠项链Z,女,珍珠,项链,已审核,是,0,18K|PT950,玫瑰黄|玫瑰白|黄白|分色
KLPW027811,18K玫瑰金吊坠―梅花,女,K金,吊坠,已审核,是,0,18K,玫瑰金
KLPW027810,18K玫瑰金吊坠―小铃铛,女,K金,吊坠,已审核,是,0,18K,玫瑰金
KLNW027809,PT950圆珠间O字项链,女,PT,项链,已审核,是,0,PT950,白
KLPW027803,S925银镶 石榴红水晶吊坠,女,宝石,吊坠,已审核,是,0,18K|PT950,玫瑰金
KLPW027799,18K坦桑石吊坠,女,宝石,吊坠,已审核,是,0,18K|PT950,玫瑰金
KLRX027797,PT950戒指――橄榄叶,中性,PT,情侣戒,已审核,是,0,18K|PT950,白
KLNW027790,18K玫瑰金套链―梅花型链牌,女,K金,项链,已审核,是,0,18K,玫瑰金
KLNW027789,18K玫瑰金套链―方型链牌,女,K金,项链,已审核,是,0,18K,玫瑰金
KLNW027788,18K玫瑰金套链―椭圆链牌,女,K金,项链,已审核,是,0,18K,玫瑰金
KLPW027770,珂兰钻石 18K金天然黄水晶吊坠C ,女,宝石,吊坠,已审核,是,0,18K|PT950,玫瑰黄|玫瑰白|黄白|分色|黄|白|玫瑰金
KLPW027756,珂兰钻石 18K金红碧玺吊坠,女,宝石,吊坠,已审核,是,0,18K|PT950,玫瑰黄|玫瑰白|黄白|分色
KLPW027755,珂兰钻石 18K白黑珍珠吊坠,女,珍珠,吊坠,已审核,是,0,18K|PT950,黄|白|玫瑰金
KLPW027754,珂兰钻石 18K白黑珍珠吊坠,女,珍珠,吊坠,已审核,是,0,18K|PT950,黄|白|玫瑰金
KLPW027751,珂兰钻石 白18K金黑珍珠吊坠Z,女,珍珠,吊坠,已审核,是,0,18K|PT950,黄|白|玫瑰金
KLDW027748,珂兰钻石 白18K金黑珍珠耳钉Z,女,珍珠,耳饰,已审核,是,0,18K|PT950,黄|白|玫瑰金
KLPW027745,珂兰钻石 白18K黑珍珠吊坠Z,女,珍珠,吊坠,已审核,是,0,18K|PT950,黄|白|玫瑰金
KLPW027737,珂兰钻石 白18K金黑珍珠吊坠Z,女,珍珠,吊坠,已审核,是,0,18K|PT950,黄|白|玫瑰金
KLPW027736,珂兰钻石 白18K金黑珍珠吊坠Z,女,珍珠,吊坠,已审核,是,0,18K|PT950,黄|白|玫瑰金
KLSW027700,18K金 黄色手链 亮面 骨头,女,K金,手链,已审核,是,0,18K,黄
KLSW027699,18K金 黄色手链  车花  贝壳,女,K金,手链,已审核,是,0,18K,黄
KLSW027698,18K金 三色手链  亮面车花  贝壳,女,K金,手链,已审核,是,0,18K,彩金
KLNW027697,PT950项链   长方链,女,PT,项链,已审核,是,0,PT950,白
KLPW027675,空托吊坠,女,钻石,吊坠,已审核,是,0.30|0.60,18K|PT950,白|玫瑰金|黄|玫瑰白|玫瑰黄|黄白|分色
KLPW027669,空托吊坠,女,钻石,吊坠,已审核,是,0.4,18K|PT950,白|玫瑰金|黄|玫瑰白|玫瑰黄|黄白|分色
KLPW027668,空托吊坠,女,钻石,吊坠,已审核,是,0.3,18K|PT950,白|玫瑰金|黄|玫瑰白|玫瑰黄|黄白|分色
KLSW027630,PT950杨桃手链,女,PT,手链,已审核,是,0,PT950,白
KLPX027627,小萌鸭,中性,宝石,吊坠,已审核,是,0,18K|PT950,黄|白|玫瑰金
KLPW027593,珂兰钻石 18K玫瑰金钻石镶嵌天然红碧玺吊坠女款 火凤凰C,女,宝石,吊坠,已审核,是,0,18K|PT950,玫瑰黄|玫瑰白|黄白|分色
KLPW027592,落羽,女,宝石,吊坠,已审核,是,0,18K|PT950,玫瑰黄|玫瑰白|黄白|分色
KLPW027487,情缘,女,宝石,吊坠,已审核,是,0,18K|PT950,黄|白|玫瑰金
KLPW027486,珂兰钻石 18K金镶嵌约6克拉天然红玛瑙吊坠项链女 萌马C,女,宝石,吊坠,已审核,是,0,18K|PT950,玫瑰黄|玫瑰白|黄白|分色
KLPW027484,珂兰钻石 18K玫瑰金钻石镶嵌约3克拉紫水晶吊坠女 绮丽C,女,宝石,吊坠,已审核,是,0,18K|PT950,玫瑰黄|玫瑰白|黄白|分色
KLPW027483,玉兔,女,宝石,吊坠,已审核,是,0,18K|PT950,玫瑰黄|玫瑰白|黄白|分色
KLPW027480,春柔,女,宝石,吊坠,已审核,是,0,18K|PT950,玫瑰黄|玫瑰白|黄白|分色|黄|白|玫瑰金
KLRX027470,PT950情侣对戒  新品,中性,PT,情侣戒,已审核,是,0,18K|PT950,白
KLPW027455,18k金彩钻链坠,女,钻石,吊坠,已审核,是,0,18K|PT950,白|玫瑰金|黄|玫瑰白|玫瑰黄|黄白|分色
KLNW027376,18K盒子链 金黄色 16寸40-42CM,女,K金,项链,已审核,是,0,18K,黄
KLNW027229,18K白水波纹项链 16寸40-42CM,女,K金,项链,已审核,是,0,18K,白
KLNW027126,18K金 瓜子项链 三色彩金 16寸40-42CM,女,K金,项链,已审核,是,0,18K,彩金
KLNW027122,18K金 瓜子项链 白色 16寸40-42CM,女,K金,项链,已审核,是,0,18K,白
KLNW027111,18k白 项链 O字链 16寸40-42CM,女,K金,项链,已审核,是,0,18K,白
KLPW027088,18K白金紫晶吊坠,女,K金,吊坠,已审核,是,0,18K,白
KLPW027036,10K 紫晶吊坠,女,宝石,吊坠,已审核,是,0,18K|PT950,玫瑰黄|玫瑰白|黄白|分色
KLPW026999,PT950铂金吊坠   猫咪,女,PT,吊坠,已审核,是,0,PT950,白
KLNW026963,18K玫瑰色 项链 闪O字链 16寸40-42CM,女,K金,项链,已审核,是,0,18K,玫瑰金
KLNW026962,18K黄 项链 闪O字链 16寸40-42CM,女,K金,项链,已审核,是,0,18K,黄
KLPW026950,18K红金铬碧玺吊坠,女,宝石,吊坠,已审核,是,0,18K|PT950,玫瑰黄|玫瑰白|黄白|分色
KLPW026944,18K金红宝碧玺吊坠,女,宝石,吊坠,已审核,是,0,18K|PT950,玫瑰黄|玫瑰白|黄白|分色
KLPW026937,PT950铂金吊坠  转运珠   四叶草,女,PT,吊坠,已审核,是,0,PT950,白
KLNW026934,PT950铂金项链 水波纹链 16寸40-42CM,女,PT,项链,已审核,是,0,PT950,白
KLNW026933,四叶草,女,钻石,项链,已审核,是,0,18K|PT950,白|玫瑰金|黄|玫瑰白|玫瑰黄|黄白|分色
KLNW026928,PT950铂金项链   嘴唇链  ,女,PT,项链,已审核,是,0,PT950,白
KLRM026922,PT950铂金  亮面间钉沙  男士戒指 ,男,PT,男戒,已审核,是,0,18K|PT950,白
KLRM026916,PT950铂金  简约拉丝工艺   男士戒指,男,PT,男戒,已审核,是,0,18K|PT950,白
KLSW026911,PT950铂金  山茶花   手链,女,PT,手链,已审核,是,0,PT950,白
KLSW026910,PT950铂金  珠联璧合系列   手链B版,女,PT,手链,已审核,是,0,PT950,白
KLSW026909,PT950铂金  珠联璧合系列   手链A版,女,PT,手链,已审核,是,0,PT950,白
KLDW026906,PT950铂金  蝴蝶结  耳钉,女,PT,耳饰,已审核,是,0,PT950,白
KLDW026905,PT950铂金  三角镂空  耳钉,女,PT,耳饰,已审核,是,0,PT950,白
KLDW026902,PT950铂金 扭转系列耳钉  梅花烙,女,PT,耳饰,已审核,是,0,PT950,白
KLNW026898,PT950铂金   杨桃间纽片  项链,女,PT,项链,已审核,是,0,PT950,白
KLPW026895,PT950铂金吊坠  水滴型镂空,女,PT,吊坠,已审核,是,0,PT950,白
KLPX026893,PT950铂金转运珠吊坠  球型镂空,中性,PT,吊坠,已审核,是,0,18K|PT950,白
KLSW026876,18K彩金 杨桃手链,女,K金,手链,已审核,是,0,18K,彩金
KLDW026874,18K金 闪耀系列 耳钉 玫瑰色,女,K金,耳饰,已审核,是,0,18K,玫瑰金
KLDW026873,18K金 闪耀系列 耳钉 黄色,女,K金,耳饰,已审核,是,0,18K,黄
KLDW026872,18K金 闪耀系列 耳钉 白色,女,K金,耳饰,已审核,是,0,18K,白
KLPW026858,钻石吊坠,女,钻石,吊坠,已审核,是,0,18K|PT950,白|玫瑰金|黄|玫瑰白|玫瑰黄|黄白|分色
KLNM026844,PT950铂金男士项链  麦穗矩形车花  52-55CM,男,PT,项链,已审核,是,0,18K|PT950,白
KLNM026843,PT950铂金男士项链  圆珠橄榄间矩形车花  48-50CM,男,PT,项链,已审核,是,0,18K|PT950,白
KLDW026842,PT950 铂金耳钉   两只蝴蝶,女,PT,耳饰,已审核,是,0,PT950,白
KLPX026841,18K 转运珠吊坠 珠联璧合系列 玫瑰色,中性,K金,吊坠,已审核,是,0,18K,玫瑰金
KLPX026840,18K 转运珠吊坠 珠联璧合系列 白色,中性,K金,吊坠,已审核,是,0,18K,白
KLPX026839,18K 转运珠吊坠 珠联璧合系列  金黄色,中性,K金,吊坠,已审核,是,0,18K,黄
KLPW026838,18K 彩金三色 吊坠转运珠  小蛮腰,女,K金,吊坠,已审核,是,0,18K,彩金
KLPW026837,18K 金黄色 吊坠转运珠  小蛮腰,女,K金,吊坠,已审核,是,0,18K,黄
KLPW026814,翠色莹润吊坠,女,宝石,吊坠,已审核,是,0,18K|PT950,黄|白|玫瑰金
KLPW026813,翠色水润吊坠,女,宝石,吊坠,已审核,是,0,18K|PT950,玫瑰黄|玫瑰白|黄白|分色
KLNW026780,18K金 玫瑰色 嘴唇项链 18寸45CM,女,K金,项链,已审核,是,0,18K,玫瑰金
KLNW026773,18K玫瑰金 心形LOVE套链  ,女,K金,项链,已审核,是,0,18K,玫瑰金
KLNW026751,18K金  水波纹项链  金黄色   18寸43-45CM,女,K金,项链,已审核,是,0,18K,黄
KLNW026745,18K金  大满天星项链  白色,女,K金,项链,已审核,是,0,18K,白
KLNW026744,18K金  大满天星项链  金黄色,女,K金,项链,已审核,是,0,18K,黄
KLNW026743,18K金  大满天星项链  玫瑰色,女,K金,项链,已审核,是,0,18K,玫瑰金
KLPW026738,18K金 玫瑰色转运珠吊坠,女,K金,吊坠,已审核,是,0,18K,玫瑰金
KLPW026737,PT950铂金吊坠  三角镂空,女,PT,吊坠,已审核,是,0,PT950,白
KLPW026736,PT950铂金吊坠  新品,女,PT,吊坠,已审核,是,0,PT950,白
KLNW026734,18K彩金三色田字链 四叶草 18寸45CM,女,K金,项链,已审核,是,0,18K,彩金
KLNW026728,18K双心套链,女,K金,项链,已审核,是,0,18K,玫瑰金|白|黄
KLNW026727,18K金 新闪O项链 白色 可拉伸可调节 20寸48CM,女,K金,项链,已审核,是,0,18K,白
KLNW026726,18K金 瓜子项链 三色彩金 18寸43-45CM,女,K金,项链,已审核,是,0,18K,彩金
KLNW026725,18K金 新闪O项链 金黄色 可拉伸可调节 20寸48CM,女,K金,项链,已审核,是,0,18K,黄
KLNW026724,18K金  新闪O项链  玫瑰色 可拉伸可调节  20寸48CM ,女,K金,项链,已审核,是,0,18K,玫瑰金
KLNW026723,18K金 瓜子项链 玫瑰色  18寸45CM,女,K金,项链,已审核,是,0,18K,玫瑰金
KLNW026717,18K盒子链   金黄色   18寸43-45CM,女,K金,项链,已审核,是,0,18K,黄
KLNW026716,PT950铂金项链 元宝链 18寸43-45CM,女,PT,项链,已审核,是,0,PT950,白
KLPW026714,18K金 红碧玺,女,宝石,吊坠,已审核,是,0,18K|PT950,玫瑰黄|玫瑰白|黄白|分色
KLPW026712,18K吊坠 黄色  情迷夏威夷,女,K金,吊坠,已审核,是,0,18K,黄
KLDW026711,18K金耳钉  心耀   白色,女,K金,耳饰,已审核,是,0,18K,白
KLDW026710,18K金耳钉  心耀   金黄色,女,K金,耳饰,已审核,是,0,18K,黄
KLDW026709,18K金耳钉  心耀   玫瑰色,女,K金,耳饰,已审核,是,0,18K,玫瑰金
KLDW026708,18K金耳钉  爱情魔方  玫瑰色,女,K金,耳饰,已审核,是,0,18K,玫瑰金
KLDW026707,18K金耳钉  爱情魔方  金黄色,女,K金,耳饰,已审核,是,0,18K,黄
KLPW026706,18K彩金吊坠   镂空立体显大  玫瑰花 ,女,K金,吊坠,已审核,是,0,18K,彩金
KLPW026705,18K彩金吊坠   萌小兔,女,K金,吊坠,已审核,是,0,18K,彩金
KLPW026698,PT950铂金吊坠   心跳,女,PT,吊坠,已审核,是,0,PT950,白
KLPW026697,PT950铂金吊坠   天使之心,女,PT,吊坠,已审核,是,0,PT950,白
KLNW026693,18K白色水波间片链 16寸40-42CM,女,K金,项链,已审核,是,0,18K,白
KLNW026689,18K彩金三色盒子项链 18寸45CM,女,K金,项链,已审核,是,0,18K,彩金
KLNW026688,18K彩金三色盒子项链 16寸42CM,女,K金,项链,已审核,是,0,18K,彩金
KLNW026687,18K玫瑰色盒子项链 16寸40-42CM,女,K金,项链,已审核,是,0,18K,玫瑰金
KLNW026686,18K玫瑰色盒子项链 18寸43-45CM,女,K金,项链,已审核,是,0,18K,玫瑰金
KLNW026685,18K玫瑰色水波纹项链  18寸43-45CM,女,K金,项链,已审核,是,0,18K,玫瑰金
KLNW026682,18K彩金三色水波纹链 16寸40-42CM,女,K金,项链,已审核,是,0,18K,彩金
KLNW026681,18K彩金三色水波间片链 16寸40-42CM,女,K金,项链,已审核,是,0,18K,彩金
KLNW026680,18K彩金三色水波纹链 18寸43-45CM,女,K金,项链,已审核,是,0,18K,彩金
KLNW026679,18K彩金三色水波间片链 18寸43-45CM,女,K金,项链,已审核,是,0,18K,彩金
KLSW026671,18k玫瑰金O字手链,女,K金,手链,已审核,是,0,18K,玫瑰金
KLSW026670,18k白金O字手链,女,K金,手链,已审核,是,0,18K,白
KLPW026666,吾思手链  白色心形吊坠,女,宝石,吊坠,已审核,是,0,18K|PT950,玫瑰黄|玫瑰白|黄白|分色
KLPW026665,吾思手链  白色方块吊坠,女,宝石,吊坠,已审核,是,0,18K|PT950,玫瑰黄|玫瑰白|黄白|分色
KLPW026664,吾思手链   黑玛心形吊坠,女,宝石,吊坠,已审核,是,0,18K|PT950,玫瑰黄|玫瑰白|黄白|分色
KLPW026662,吾思手链  草花黑玛吊坠,女,宝石,吊坠,已审核,是,0,18K|PT950,玫瑰黄|玫瑰白|黄白|分色
KLNW026654,18K白金 盒子项链 16寸40-42CM,女,K金,项链,已审核,是,0,18K,白
KLPW026642,18K金吊坠 金叶 玫瑰色,女,K金,吊坠,已审核,是,0,18K,玫瑰金
KLPW026641,18K金吊坠 金叶 白色,女,K金,吊坠,已审核,是,0,18K,白
KLNW026640,PT950铂金项链  满天星  18寸  43-45CM,女,PT,项链,已审核,是,0,PT950,白
KLDW026639,卡缔尔代销产品专用款号4,女,钻石,耳饰,已审核,是,0,18K|PT950,白|玫瑰金|黄|玫瑰白|玫瑰黄|黄白|分色
KLNW026638,18K白色水波间片链  18寸43-45CM,女,K金,项链,已审核,是,0,18K,白
KLNW026637,18K黄色水波间片链  18寸45CM,女,K金,项链,已审核,是,0,18K,黄
KLNW026636,18K玫瑰色田字链   四叶草  18寸45CM,女,K金,项链,已审核,是,0,18K,玫瑰金
KLNW026635,18K白色田字链   四叶草   18寸45CM,女,K金,项链,已审核,是,0,18K,白
KLNW026634,18K黄色田字链   四叶草   18寸45CM,女,K金,项链,已审核,是,0,18K,黄
KLRW026633,18K戒指 炫彩 三色彩金,女,K金,女戒,已审核,是,0,18K,彩金
KLPW026607,PT950铂金吊坠 永结同心,女,PT,吊坠,已审核,是,0,PT950,白
KLPW026600,18K新款吊坠,女,钻石,吊坠,已审核,是,0,18K|PT950,白|玫瑰金|黄|玫瑰白|玫瑰黄|黄白|分色
KLPW026553,映梦 ,女,宝石,吊坠,已审核,是,0,18K|PT950,玫瑰黄|玫瑰白|黄白|分色
KLSW026512,铂金新品手链,女,PT,手链,已审核,是,0,PT950,白
KLPW026499,慕蕊,女,钻石,吊坠,已审核,是,0,18K|PT950,白|玫瑰金|黄|玫瑰白|玫瑰黄|黄白|分色
KLPW026400,转角遇到爱,女,PT,吊坠,已审核,是,0,PT950,白
KLPW026399,小麋鹿,女,PT,吊坠,已审核,是,0,PT950,白
KLPW026352,小黄鸭,女,宝石,吊坠,已审核,是,0,18K|PT950,黄|白|玫瑰金
KLNW026188,星云-光珠,女,PT,项链,已审核,是,0,PT950,白
KLNW026187,星云-盒子,女,PT,项链,已审核,是,0,PT950,白
KLPX026158,小萌马,中性,PT,吊坠,已审核,是,0,18K|PT950,白
KLPX025962,和田玉平安扣,中性,宝石,吊坠,已审核,是,0,18K|PT950,玫瑰黄|玫瑰白|黄白|分色
KLNW025930,18K白金 心肖邦 项链,女,K金,项链,已审核,是,0,18K,白
KLPW025782,洛桑,女,宝石,吊坠,已审核,是,0,18K|PT950,黄|白|玫瑰金
KLNW025409,PT950铂金项链 水波纹链  18寸43-45CM,女,PT,项链,已审核,是,0,PT950,白
KLDW025384,PT950   翎羽,女,PT,耳饰,已审核,是,0,PT950,白
KLDW025383,PT950    风尚,女,PT,耳饰,已审核,是,0,PT950,白
KLDW025382,PT950  皇冠,女,PT,耳饰,已审核,是,0,PT950,白
KLDW025381,PT950    炫蝶,女,PT,耳饰,已审核,是,0,PT950,白
KLSW025377,PT950   花语,女,PT,手链,已审核,是,0,PT950,白
KLSW025375,PT950   八角爱心花,女,PT,手链,已审核,是,0,PT950,白
KLNW025373,PT950    饼干链,女,PT,项链,已审核,是,0,PT950,白
KLPW025372,PT950    幸运树,女,PT,吊坠,已审核,是,0,PT950,白
KLSW025369,PT950  多变,女,PT,手链,已审核,是,0,PT950,白
KLNW025351,珂兰钻石 18K白金10分钻石吊坠 满满爱 赠S925银链,女,钻石,项链,已审核,是,0,18K|PT950,白|玫瑰金|黄|玫瑰白|玫瑰黄|黄白|分色
KLPW025337,卡缔尔代销产品专用款号4,女,宝石,吊坠,已审核,是,0,18K|PT950,白
KLDW025317,卡缔尔代销产品专用款号2,女,钻石,耳饰,已审核,是,0,18K|PT950,白|玫瑰金|黄|玫瑰白|玫瑰黄|黄白|分色
KLPW025316,卡缔尔代销产品专用款号1,女,钻石,吊坠,已审核,是,0,18K|PT950,白|玫瑰金|黄|玫瑰白|玫瑰黄|黄白|分色
KLNW025294,18K玫瑰金 心肖邦 项链,女,K金,项链,已审核,是,0,18K,玫瑰金
KLNW025229,18K玫瑰金吊坠 套链,女,K金,项链,已审核,是,0,18K,彩金
KLPW025214,18K金镶玉  碧玺  礼物盒子,女,宝石,吊坠,已审核,是,0,18K|PT950,玫瑰黄|玫瑰白|黄白|分色|黄|白|玫瑰金
KLPW025097,秘密花园系列-心心相印,女,钻石,吊坠,已审核,是,0,18K|PT950,白|玫瑰金|黄|玫瑰白|玫瑰黄|黄白|分色
KLPW025095,眷顾,女,钻石,吊坠,已审核,是,0,18K|PT950,白|玫瑰金|黄|玫瑰白|玫瑰黄|黄白|分色
KLPW025092,秘密花园系列-幸福,女,钻石,吊坠,已审核,是,0,18K|PT950,白|玫瑰金|黄|玫瑰白|玫瑰黄|黄白|分色
KLRM024924,素金对戒,男,K金,情侣戒,已审核,是,0,18K,白
KLNW024835,铂金950项链,女,PT,项链,已审核,是,0,PT950,白
KLPW024833,铂金 吊坠 ,女,PT,吊坠,已审核,是,0,PT950,白
KLPW024832,铂金 吊坠 镂空袋,女,PT,吊坠,已审核,是,0,PT950,白
KLPW024830,铂金 吊坠 镂空三叶草,女,PT,吊坠,已审核,是,0,PT950,白
KLPW024829,铂金 吊坠,女,PT,吊坠,已审核,是,0,PT950,白
KLNW024828,PT950项链,女,PT,项链,已审核,是,0,PT950,白
KLPW024827,铂金 吊坠 兔子,女,PT,吊坠,已审核,是,0,PT950,白
KLNW024824,铂金 项链,女,PT,项链,已审核,是,0,PT950,白
KLNW024822,铂金 项链,女,PT,项链,已审核,是,0,PT950,白
KLPW024805,相伴,女,钻石,吊坠,已审核,是,0,18K|PT950,白|玫瑰金|黄|玫瑰白|玫瑰黄|黄白|分色
KLPW024783,新款珍珠吊坠,女,珍珠,吊坠,已审核,是,0,18K|PT950,黄|白|玫瑰金
KLPW024781,爱羽 珍珠新品,女,珍珠,吊坠,已审核,是,0,18K|PT950,黄|白|玫瑰金
KLNM024767,镭射橄榄,男,PT,项链,已审核,是,0,18K|PT950,白
KLNM024766,京东铂金橄榄间圆柱,男,PT,项链,已审核,是,0,18K|PT950,白
KLNW024732,PT950铂金项链 瓦片链,女,PT,项链,已审核,是,0,PT950,白
KLNW024731,PT950 O字链 40-42CM,女,PT,项链,已审核,是,0,PT950,白
KLNW024730,PT950铂金项链 O字间长方铁,女,PT,项链,已审核,是,0,PT950,白
KLPW024729,PT950 铂金吊坠 猫吃鱼,女,PT,吊坠,已审核,是,0,PT950,白
KLPW024728,PT950 铂金吊坠 智慧猫,女,PT,吊坠,已审核,是,0,PT950,白
KLPW024727,PT950 吊坠 心花,女,PT,吊坠,已审核,是,0,PT950,白
KLPW024726,PT950 吊坠,女,PT,吊坠,已审核,是,0,PT950,白
KLPW024725,PT950铂金吊坠 花海,女,PT,吊坠,已审核,是,0,PT950,白
KLPW024724,PT950铂金吊坠 缠绕,女,PT,吊坠,已审核,是,0,PT950,白
KLPW024723,PT950 吊坠,女,PT,吊坠,已审核,是,0,PT950,白
KLPW024722,PT950 优雅公主,女,PT,吊坠,已审核,是,0,PT950,白
KLPW024721,PT950铂金吊坠 皇冠,女,PT,吊坠,已审核,是,0,PT950,白
KLPW024720,PT950 吊坠,女,PT,吊坠,已审核,是,0,PT950,白
KLPX024719,PT950铂金吊坠 爱情使者“点点”,中性,PT,吊坠,已审核,是,0,18K|PT950,白
KLPW024718,快乐精灵“贝贝”,女,PT,吊坠,已审核,是,0,PT950,白
KLPW024717,PT950铂金吊坠 浪漫诗者“圆圆”,女,PT,吊坠,已审核,是,0,PT950,白
KLPW024716,PT950铂金吊坠 机灵萌主“叮叮”,女,PT,吊坠,已审核,是,0,PT950,白
KLPW024715,吉祥福星“余余”,女,PT,吊坠,已审核,是,0,PT950,白
KLNW024714,PT950铂金项链 套链 链坠 爱的纪念,女,PT,项链,已审核,是,0,PT950,白
KLNW024713,PT950铂金项链 套链 链坠 字母,女,PT,项链,已审核,是,0,PT950,白
KLNW024712,PT950  天使,女,PT,项链,已审核,是,0,PT950,白
KLNW024711,PT950 永远,女,PT,项链,已审核,是,0,PT950,白
KLNW024710,PT950  印记,女,PT,项链,已审核,是,0,PT950,白
KLDW024709,PT950 耳钉,女,PT,耳饰,已审核,是,0,PT950,白
KLDW024708,PT950铂金耳贴   蝶恋,女,PT,耳饰,已审核,是,0,PT950,白
KLNW024695,套链 18k 红  多彩鱼,女,K金,项链,已审核,是,0,18K,玫瑰金
KLNW024694,套链 18k 苹果,女,K金,项链,已审核,是,0,18K,黄|白|玫瑰金
KLNW024675,套链 18k白 齿轮,女,K金,项链,已审核,是,0,18K,黄|白|玫瑰金
KLPW024673,18K白金钻石吊坠 一生一世,女,钻石,吊坠,已审核,是,0,18K|PT950,白|玫瑰金|黄|玫瑰白|玫瑰黄|黄白|分色
KLNW024636,杨桃链 PT950,女,PT,项链,已审核,是,0,PT950,白
KLDW024635,PT950铂金耳贴 幸运草 ,女,PT,耳饰,已审核,是,0,PT950,白
KLNW024604,套链 18k  草莓,女,K金,项链,已审核,是,0,18K,黄|白|玫瑰金
KLNW024581,套链 18k白 可可鹿,女,K金,项链,已审核,是,0,18K,黄|白|玫瑰金
KLNW024579,套链 18k白 乖乖兔,女,K金,项链,已审核,是,0,18K,黄|白|玫瑰金
KLNW024577,套链 18k白 童趣-木马,女,K金,项链,已审核,是,0,18K,黄|白|玫瑰金
KLNW024575,套链 18k红 母子鹿,女,K金,项链,已审核,是,0,18K,玫瑰金
KLNW024573,套链 18k白 宝贝象,女,K金,项链,已审核,是,0,18K,白
KLSW024569,手链 18k红  可可鹿,女,K金,手链,已审核,是,0,18K,玫瑰金
KLSW024568,手链 18k红 母子鹿,女,K金,手链,已审核,是,0,18K,玫瑰金
KLSW024564,手链 18k红 宝贝象,女,K金,手链,已审核,是,0,18K,玫瑰金
KLSW024561,手链 18k红  童心-木马  ,女,K金,手链,已审核,是,0,18K,玫瑰金
KLPW024493,钻石吊坠,女,钻石,吊坠,已审核,是,0,18K|PT950,白|玫瑰金|黄|玫瑰白|玫瑰黄|黄白|分色
KLPW024491,钻石吊坠,女,钻石,吊坠,已审核,是,0,18K|PT950,白|玫瑰金|黄|玫瑰白|玫瑰黄|黄白|分色
KLPW024489,钻石吊坠,女,钻石,吊坠,已审核,是,0,18K|PT950,白|玫瑰金|黄|玫瑰白|玫瑰黄|黄白|分色
KLPW024488,钻石吊坠,女,钻石,吊坠,已审核,是,0,18K|PT950,白|玫瑰金|黄|玫瑰白|玫瑰黄|黄白|分色
KLPW024487,钻石吊坠,女,钻石,吊坠,已审核,是,0,18K|PT950,白|玫瑰金|黄|玫瑰白|玫瑰黄|黄白|分色
KLPW024477,钻石吊坠,女,钻石,吊坠,已审核,是,0,18K|PT950,白|玫瑰金|黄|玫瑰白|玫瑰黄|黄白|分色
KLPW024475,钻石吊坠,女,钻石,吊坠,已审核,是,0,18K|PT950,白|玫瑰金|黄|玫瑰白|玫瑰黄|黄白|分色
KLPW024473,钻石吊坠,女,钻石,吊坠,已审核,是,0,18K|PT950,白|玫瑰金|黄|玫瑰白|玫瑰黄|黄白|分色
KLPW024472,钻石吊坠,女,钻石,吊坠,已审核,是,0,18K|PT950,白|玫瑰金|黄|玫瑰白|玫瑰黄|黄白|分色
KLPW024471,钻石吊坠,女,钻石,吊坠,已审核,是,0,18K|PT950,白|玫瑰金|黄|玫瑰白|玫瑰黄|黄白|分色
KLPW024470,钻石吊坠,女,钻石,吊坠,已审核,是,0,18K|PT950,白|玫瑰金|黄|玫瑰白|玫瑰黄|黄白|分色
KLPW024469,钻石吊坠,女,钻石,吊坠,已审核,是,0,18K|PT950,白|玫瑰金|黄|玫瑰白|玫瑰黄|黄白|分色
KLPW024468,钻石吊坠,女,钻石,吊坠,已审核,是,0,18K|PT950,白|玫瑰金|黄|玫瑰白|玫瑰黄|黄白|分色
KLPW024465,钻石吊坠,女,钻石,吊坠,已审核,是,0,18K|PT950,白|玫瑰金|黄|玫瑰白|玫瑰黄|黄白|分色
KLPW024464,钻石吊坠,女,钻石,吊坠,已审核,是,0,18K|PT950,白|玫瑰金|黄|玫瑰白|玫瑰黄|黄白|分色
KLPW024459,钻石吊坠,女,钻石,吊坠,已审核,是,0,18K|PT950,白|玫瑰金|黄|玫瑰白|玫瑰黄|黄白|分色
KLPW024457,钻石吊坠,女,钻石,吊坠,已审核,是,0,18K|PT950,白|玫瑰金|黄|玫瑰白|玫瑰黄|黄白|分色
KLPW024456,钻石吊坠,女,钻石,吊坠,已审核,是,0,18K|PT950,白|玫瑰金|黄|玫瑰白|玫瑰黄|黄白|分色
KLPW024455,钻石吊坠,女,钻石,吊坠,已审核,是,0,18K|PT950,白|玫瑰金|黄|玫瑰白|玫瑰黄|黄白|分色
KLPW024454,钻石吊坠,女,钻石,吊坠,已审核,是,0,18K|PT950,白|玫瑰金|黄|玫瑰白|玫瑰黄|黄白|分色
KLPW024453,钻石吊坠,女,钻石,吊坠,已审核,是,0,18K|PT950,白|玫瑰金|黄|玫瑰白|玫瑰黄|黄白|分色
KLPW024446,钻石吊坠,女,钻石,吊坠,已审核,是,0,18K|PT950,白|玫瑰金|黄|玫瑰白|玫瑰黄|黄白|分色
KLRM024359,情侣对戒,男,K金,情侣戒,已审核,是,0,18K,分色|玫瑰金|黄|白|玫瑰黄|玫瑰白|黄白
KLRW024358,情侣对戒,女,K金,情侣戒,已审核,是,0,18K,分色|玫瑰金|黄|白|玫瑰黄|玫瑰白|黄白
KLRM024357,情侣对戒,男,K金,情侣戒,已审核,是,0,18K,分色|玫瑰金|黄|白|玫瑰黄|玫瑰白|黄白
KLRW024356,情侣对戒,女,K金,情侣戒,已审核,是,0,18K,分色|玫瑰金|黄|白|玫瑰黄|玫瑰白|黄白
KLRM024355,情侣对戒,男,K金,情侣戒,已审核,是,0,18K,分色|玫瑰金|黄|白|玫瑰黄|玫瑰白|黄白
KLRW024354,情侣对戒,女,K金,情侣戒,已审核,是,0,18K,分色|玫瑰金|黄|白|玫瑰黄|玫瑰白|黄白
KLRM024353,情侣对戒,男,K金,情侣戒,已审核,是,0,18K,分色|玫瑰金|黄|白|玫瑰黄|玫瑰白|黄白
KLRW024352,情侣对戒,女,K金,情侣戒,已审核,是,0,18K,分色|玫瑰金|黄|白|玫瑰黄|玫瑰白|黄白
KLRM024351,情侣对戒,男,K金,情侣戒,已审核,是,0,18K,分色|玫瑰金|黄|白|玫瑰黄|玫瑰白|黄白
KLRW024350,情侣对戒,女,K金,情侣戒,已审核,是,0,18K,分色|玫瑰金|黄|白|玫瑰黄|玫瑰白|黄白
KLRM024349,情侣对戒,男,K金,情侣戒,已审核,是,0,18K,分色|玫瑰金|黄|白|玫瑰黄|玫瑰白|黄白
KLRW024348,情侣对戒,女,K金,情侣戒,已审核,是,0,18K,分色|玫瑰金|黄|白|玫瑰黄|玫瑰白|黄白
KLRW024347,情侣对戒,女,K金,情侣戒,已审核,是,0,18K,分色|玫瑰金|黄|白|玫瑰黄|玫瑰白|黄白
KLRW024346,情侣对戒,女,K金,情侣戒,已审核,是,0,18K,分色|玫瑰金|黄|白|玫瑰黄|玫瑰白|黄白
KLRM024345,情侣对戒,男,K金,情侣戒,已审核,是,0,18K,分色|玫瑰金|黄|白|玫瑰黄|玫瑰白|黄白
KLRW024344,情侣对戒,女,K金,情侣戒,已审核,是,0,18K,分色|玫瑰金|黄|白|玫瑰黄|玫瑰白|黄白
KLRM024343,情侣对戒,男,K金,情侣戒,已审核,是,0,18K,分色|玫瑰金|黄|白|玫瑰黄|玫瑰白|黄白
KLRW024342,情侣对戒,女,K金,情侣戒,已审核,是,0,18K,分色|玫瑰金|黄|白|玫瑰黄|玫瑰白|黄白
KLNW024270,PT950铂金项链 O字间镭射珠,女,PT,项链,已审核,是,0,PT950,白
KLSW024208,流星闪耀,女,PT,手链,已审核,是,0,PT950,白
KLSW024207,爱意,女,PT,手链,已审核,是,0,PT950,白
KLSW024206,三生恋,女,PT,手链,已审核,是,0,PT950,白
KLDW024205,心心相印,女,PT,耳饰,已审核,是,0,PT950,白
KLDW024204,浪花朵朵,女,PT,耳饰,已审核,是,0,PT950,白
KLPW024203,樱花恋,女,PT,吊坠,已审核,是,0,PT950,白
KLNW024194,PT950铂金项链 小竹节,女,PT,项链,已审核,是,0,PT950,白
KLSW024193,春韵,女,PT,手链,已审核,是,0,PT950,白
KLPW024189,匙爱,女,PT,吊坠,已审核,是,0,PT950,白
KLDW024187,心窗耳钉,女,PT,耳饰,已审核,是,0,PT950,白
KLNW024171,PT950铂金项链 蛇骨链,女,PT,项链,已审核,是,0,PT950,白
KLPW024170,淘宝 铂金协会吊坠,女,PT,吊坠,已审核,是,0,PT950,白
KLSW024169,淘宝 铂金手链 元宝,女,PT,手链,已审核,是,0,PT950,白
KLSW024168,淘宝 铂金手链 郁金香,女,PT,手链,已审核,是,0,PT950,白
KLDW024167,淘宝 铂金耳钉 蝴蝶,女,PT,耳饰,已审核,是,0,PT950,白
KLDW024166,淘宝 铂金耳钉 心,女,PT,耳饰,已审核,是,0,PT950,白
KLDW024165,PT950铂金耳钉 心弦,女,PT,耳饰,已审核,是,0,PT950,白
KLPW024071,经典简约系列,女,钻石,吊坠,已审核,是,0,18K|PT950,白|玫瑰金|黄|玫瑰白|玫瑰黄|黄白|分色
KLRX023793,雕刻时光,中性,PT,情侣戒,已审核,是,0,18K|PT950,白
KLRX023792,情韵绵长,中性,PT,情侣戒,已审核,是,0,18K|PT950,白
KLRX023791,并行,中性,PT,情侣戒,已审核,是,0,18K|PT950,白
KLRX023790,爱之韵,中性,PT,情侣戒,已审核,是,0,18K|PT950,白
KLRX023789,一生爱,中性,PT,情侣戒,已审核,是,0,18K|PT950,白
KLRX023788,倾恋,中性,PT,情侣戒,已审核,是,0,18K|PT950,白
KLPW023787,钻石吊坠,女,钻石,吊坠,已审核,是,0,18K|PT950,白|玫瑰金|黄|玫瑰白|玫瑰黄|黄白|分色
KLPW023263,吊坠,女,PT,吊坠,已审核,是,0,PT950,白
KLPW023262,吊坠,女,PT,吊坠,已审核,是,0,PT950,白
KLPW023261,吊坠,女,PT,吊坠,已审核,是,0,PT950,白
KLRM023258,情侣戒,男,PT,情侣戒,已审核,是,0,18K|PT950,白
KLPW023253,吊坠,女,PT,吊坠,已审核,是,0,PT950,白
KLPW023252,吊坠,女,PT,吊坠,已审核,是,0,PT950,白
KLSW023251,手链,女,PT,手链,已审核,是,0,PT950,白
KLSW023250,手链,女,PT,手链,已审核,是,0,PT950,白
KLSW023249,PT950铂金手链 纽片,女,PT,手链,已审核,是,0,PT950,白
KLSW023137,PT950铂金手链 梦牵,女,PT,手链,已审核,是,0,PT950,白
KLPW022782,悦然心动,女,宝石,吊坠,已审核,是,0,18K|PT950,玫瑰黄|玫瑰白|黄白|分色
KLPW022766,吊坠,女,PT,吊坠,已审核,是,0,PT950,白
KLPW022765,吊坠,女,PT,吊坠,已审核,是,0,PT950,白
KLPW022764,吊坠,女,PT,吊坠,已审核,是,0,PT950,白
KLPW022763,吊坠,女,PT,吊坠,已审核,是,0,PT950,白
KLPW022762,PT950 铂金吊坠,女,PT,吊坠,已审核,是,0,PT950,白
KLPW022761,PT950 铂金吊坠,女,PT,吊坠,已审核,是,0,PT950,白
KLPW022760,吊坠,女,PT,吊坠,已审核,是,0,PT950,白
KLPW022759,吊坠,女,PT,吊坠,已审核,是,0,PT950,白
KLPW022758,吊坠,女,PT,吊坠,已审核,是,0,PT950,白
KLPW022757,吊坠,女,PT,吊坠,已审核,是,0,PT950,白
KLRW022756,情侣戒,女,PT,情侣戒,已审核,是,0,PT950,白
KLRM022755,情侣戒,男,PT,情侣戒,已审核,是,0,18K|PT950,白
KLRW022754,情侣戒,女,PT,情侣戒,已审核,是,0,PT950,白
KLRM022753,情侣戒,男,PT,情侣戒,已审核,是,0,18K|PT950,白
KLRX022752,情侣戒,中性,PT,情侣戒,已审核,是,0,18K|PT950,白
KLRX022751,情侣戒,中性,PT,情侣戒,已审核,是,0,18K|PT950,白
KLRX022747,PT950铂金 戒指 轮回,中性,PT,情侣戒,已审核,是,0,18K|PT950,白
KLSX022745,PT950铂金手链 诗篇 ,中性,PT,手链,已审核,是,0,18K|PT950,白
KLSW022744,柳絮飞花 手链,女,PT,手链,已审核,是,0,PT950,白
KLSW022743,时光隧道 手链,女,PT,手链,已审核,是,0,PT950,白
KLSW022741,花海 手链,女,PT,手链,已审核,是,0,PT950,白
KLDW022739,PT950 铂金耳钉 相伴,女,PT,耳饰,已审核,是,0,PT950,白
KLDW022736,耳钉,女,PT,耳饰,已审核,是,0,PT950,白
KLPW022396,玉蝴蝶,女,宝石,吊坠,已审核,是,0,18K|PT950,玫瑰黄|玫瑰白|黄白|分色
KLSW022206,相依,女,PT,手链,已审核,是,0,PT950,白
KLSW022205,PT950铂金手链 完美爱,女,PT,手链,已审核,是,0,PT950,白
KLPW022204,PT950铂金 吊坠 萌爱,女,PT,吊坠,已审核,是,0,PT950,白
KLPW022203,蝶韵,女,PT,吊坠,已审核,是,0,PT950,白
KLSW021971,芷水,女,PT,手链,已审核,是,0,PT950,白
KLSW021969,邂逅,女,PT,手链,已审核,是,0,PT950,白
KLSW021968,初见,女,PT,手链,已审核,是,0,PT950,白
KLPW021967,PT950铂金 吊坠 迷蝶,女,PT,吊坠,已审核,是,0,PT950,白
KLPW021966,舞心系列,女,PT,吊坠,已审核,是,0,PT950,白
KLPW021824,18K白金 钻石吊坠 摩登风情,女,钻石,吊坠,已审核,是,0,18K|PT950,白|玫瑰金|黄|玫瑰白|玫瑰黄|黄白|分色
KLPW021809,钻石吊坠,女,钻石,吊坠,已审核,是,0,18K|PT950,白|玫瑰金|黄|玫瑰白|玫瑰黄|黄白|分色
KLPW021808,钻石吊坠,女,钻石,吊坠,已审核,是,0,18K|PT950,白|玫瑰金|黄|玫瑰白|玫瑰黄|黄白|分色
KLPW021796,钻石吊坠,女,钻石,吊坠,已审核,是,0,18K|PT950,白|玫瑰金|黄|玫瑰白|玫瑰黄|黄白|分色
KLPW021795,钻石吊坠,女,钻石,吊坠,已审核,是,0,18K|PT950,白|玫瑰金|黄|玫瑰白|玫瑰黄|黄白|分色
KLPW021793,钻石吊坠,女,钻石,吊坠,已审核,是,0,18K|PT950,白|玫瑰金|黄|玫瑰白|玫瑰黄|黄白|分色
KLPW021792,钻石吊坠,女,钻石,吊坠,已审核,是,0,18K|PT950,白|玫瑰金|黄|玫瑰白|玫瑰黄|黄白|分色
KLPW021775,钻石吊坠,女,钻石,吊坠,已审核,是,0,18K|PT950,白|玫瑰金|黄|玫瑰白|玫瑰黄|黄白|分色
KLPW021774,钻石吊坠,女,钻石,吊坠,已审核,是,0,18K|PT950,白|玫瑰金|黄|玫瑰白|玫瑰黄|黄白|分色
KLPW021751,PT950铂金 吊坠 幸运,女,PT,吊坠,已审核,是,0,PT950,白
KLPW021743,钻石吊坠,女,钻石,吊坠,已审核,是,0,18K|PT950,白|玫瑰金|黄|玫瑰白|玫瑰黄|黄白|分色
KLPW021716,18K玫瑰金 吊坠 一网情深,女,K金,吊坠,已审核,是,0,18K,玫瑰金
KLPW021715,吊坠,女,钻石,吊坠,已审核,是,0,18K|PT950,白|玫瑰金|黄|玫瑰白|玫瑰黄|黄白|分色
KLPW021713,吊坠,女,钻石,吊坠,已审核,是,0,18K|PT950,白|玫瑰金|黄|玫瑰白|玫瑰黄|黄白|分色
KLPW021712,吊坠,女,钻石,吊坠,已审核,是,0,18K|PT950,白|玫瑰金|黄|玫瑰白|玫瑰黄|黄白|分色
KLPW021685,瓣心,女,PT,吊坠,已审核,是,0,PT950,白
KLPW021684,叶的回想,女,PT,吊坠,已审核,是,0,PT950,白
KLSW021683,节节高升,女,PT,手链,已审核,是,0,PT950,白
KLSW021682,旋转,女,PT,手链,已审核,是,0,PT950,白
KLSW021681,繁花似锦,女,PT,手链,已审核,是,0,PT950,白
KLPW021660,吊坠,女,钻石,吊坠,已审核,是,0,18K|PT950,白|玫瑰金|黄|玫瑰白|玫瑰黄|黄白|分色
KLPW021657,18K玫瑰金 紫水晶吊坠群镶款 如梦如醉,女,宝石,吊坠,已审核,是,0,18K|PT950,玫瑰黄|玫瑰白|黄白|分色
KLPW021655,18K玫瑰金 紫水晶吊坠 群镶款 灵动神采,女,宝石,吊坠,已审核,是,0,18K|PT950,玫瑰黄|玫瑰白|黄白|分色
KLPW021654,18K玫瑰金  紫水晶吊坠 钻石吊坠 群镶款 似水柔媚,女,宝石,吊坠,已审核,是,0,18K|PT950,玫瑰黄|玫瑰白|黄白|分色
KLPW021653,18K玫瑰金 9分/0.09克拉 紫水晶吊坠 钻石吊坠 群镶款 甜蜜相契,女,宝石,吊坠,已审核,是,0,18K|PT950,玫瑰黄|玫瑰白|黄白|分色
KLPW021651,18K玫瑰金  钻石俏美晶恋,女,宝石,吊坠,已审核,是,0,18K|PT950,玫瑰黄|玫瑰白|黄白|分色
KLPW021650,18K玫瑰金 水晶吊坠 群镶款 简约风尚,女,宝石,吊坠,已审核,是,0,18K|PT950,玫瑰黄|玫瑰白|黄白|分色
KLPW021649,18K玫瑰金  水晶吊坠 群镶款 沐露梳风,女,宝石,吊坠,已审核,是,0,18K|PT950,玫瑰黄|玫瑰白|黄白|分色
KLPW021648,18K玫瑰金 水晶吊坠 群镶款 逸韵高致,女,宝石,吊坠,已审核,是,0,18K|PT950,玫瑰黄|玫瑰白|黄白|分色
KLPW021647,18K玫瑰金  紫水晶吊坠群镶款 霞姿月韵,女,宝石,吊坠,已审核,是,0,18K|PT950,玫瑰黄|玫瑰白|黄白|分色
KLPW021646,18K玫瑰金 水晶吊坠 群镶款 浓情烈焰,女,宝石,吊坠,已审核,是,0,18K|PT950,玫瑰黄|玫瑰白|黄白|分色
KLPW021636,18K玫瑰金 石榴石吊坠 群镶款 浓情初绽,女,宝石,吊坠,已审核,是,0,18K|PT950,玫瑰黄|玫瑰白|黄白|分色
KLPW021635,18K玫瑰金 石榴石吊坠  群镶款 浓情烈焰,女,宝石,吊坠,已审核,是,0,18K|PT950,玫瑰黄|玫瑰白|黄白|分色
KLPW021634,18K玫瑰金  石榴石吊坠 群镶款 浓情烈焰,女,宝石,吊坠,已审核,是,0,18K|PT950,玫瑰黄|玫瑰白|黄白|分色
KLPW021633,18K玫瑰金  石榴石吊坠 群镶款 如影随形,女,宝石,吊坠,已审核,是,0,18K|PT950,玫瑰黄|玫瑰白|黄白|分色
KLPW021632,18K玫瑰金 石榴石吊坠 群镶款 盈盈魅雅,女,宝石,吊坠,已审核,是,0,18K|PT950,玫瑰黄|玫瑰白|黄白|分色
KLPW021631,18K玫瑰金 石榴石吊坠 群镶款 烟蝶魅舞,女,宝石,吊坠,已审核,是,0,18K|PT950,玫瑰黄|玫瑰白|黄白|分色
KLPW021630,18K玫瑰金  石榴石吊坠 群镶款 果敢之心,女,宝石,吊坠,已审核,是,0,18K|PT950,玫瑰黄|玫瑰白|黄白|分色
KLPW021626,18K玫瑰金 月光石吊坠 群镶款 风光旖旎,女,宝石,吊坠,已审核,是,0,18K|PT950,玫瑰黄|玫瑰白|黄白|分色
KLPW021625,18K玫瑰金 月光石吊坠 群镶款 爱之蓓蕾,女,宝石,吊坠,已审核,是,0,18K|PT950,玫瑰黄|玫瑰白|黄白|分色
KLPW021624,18K玫瑰金  月光石吊坠 群镶款 素雅传奇,女,宝石,吊坠,已审核,是,0,18K|PT950,玫瑰黄|玫瑰白|黄白|分色
KLPW021623,18K玫瑰金 月光石吊坠 群镶款 珍心相伴,女,宝石,吊坠,已审核,是,0,18K|PT950,玫瑰黄|玫瑰白|黄白|分色
KLPW021619,18K玫瑰金 芙蓉石吊坠 群镶款 骄蕊盛绽,女,宝石,吊坠,已审核,是,0,18K|PT950,玫瑰黄|玫瑰白|黄白|分色
KLPW021618,18K玫瑰金 芙蓉石吊坠 群镶款 珍心相伴,女,宝石,吊坠,已审核,是,0,18K|PT950,玫瑰黄|玫瑰白|黄白|分色
KLPW021617,18K玫瑰金 芙蓉石吊坠 群镶款 简约风尚,女,宝石,吊坠,已审核,是,0,18K|PT950,玫瑰黄|玫瑰白|黄白|分色
KLPW021616,18K玫瑰金  芙蓉石吊坠 群镶款 梦中娇蕊,女,宝石,吊坠,已审核,是,0,18K|PT950,玫瑰黄|玫瑰白|黄白|分色
KLPW021615,18K玫瑰金 芙蓉石吊坠 群镶款 俏美雅妆,女,宝石,吊坠,已审核,是,0,18K|PT950,玫瑰黄|玫瑰白|黄白|分色
KLPW021614,18K玫瑰金  芙蓉石吊坠 群镶款 知性女王,女,宝石,吊坠,已审核,是,0,18K|PT950,玫瑰黄|玫瑰白|黄白|分色
KLPW021613,18K玫瑰金  芙蓉石吊坠 群镶款  如梦蜜恋,女,宝石,吊坠,已审核,是,0,18K|PT950,玫瑰黄|玫瑰白|黄白|分色
KLPW021612,18K玫瑰金  芙蓉石吊坠 群镶款 纤柔雅致,女,宝石,吊坠,已审核,是,0,18K|PT950,玫瑰黄|玫瑰白|黄白|分色
KLPW021611,18K玫瑰金芙蓉石吊坠 群镶款 粉妆玉琢,女,宝石,吊坠,已审核,是,0,18K|PT950,玫瑰黄|玫瑰白|黄白|分色
KLPW021610,18K玫瑰金芙蓉石吊坠 群镶款 华丽魅惑,女,宝石,吊坠,已审核,是,0,18K|PT950,玫瑰黄|玫瑰白|黄白|分色
KLPW021571,钻石吊坠,女,钻石,吊坠,已审核,是,0,18K|PT950,白|玫瑰金|黄|玫瑰白|玫瑰黄|黄白|分色
KLPW021538,钻石吊坠,女,钻石,吊坠,已审核,是,0,18K|PT950,白|玫瑰金|黄|玫瑰白|玫瑰黄|黄白|分色
KLPW021515,钻石吊坠,女,钻石,吊坠,已审核,是,0,18K|PT950,白|玫瑰金|黄|玫瑰白|玫瑰黄|黄白|分色
KLPW021498,钻石吊坠,女,钻石,吊坠,已审核,是,0,18K|PT950,白|玫瑰金|黄|玫瑰白|玫瑰黄|黄白|分色
KLPW021497,钻石吊坠,女,钻石,吊坠,已审核,是,0,18K|PT950,白|玫瑰金|黄|玫瑰白|玫瑰黄|黄白|分色
KLPW021389,钻石吊坠,女,钻石,吊坠,已审核,是,0,18K|PT950,白|玫瑰金|黄|玫瑰白|玫瑰黄|黄白|分色
KLPW021313,钻石吊坠,女,钻石,吊坠,已审核,是,0,18K|PT950,白|玫瑰金|黄|玫瑰白|玫瑰黄|黄白|分色
KLDW021275,pt950耳钉,女,PT,耳饰,已审核,是,0,PT950,白
KLDW021266,pt950耳钉,女,PT,耳饰,已审核,是,0,PT950,白
KLDW021265,pt950耳钉 蝶,女,PT,耳饰,已审核,是,0,PT950,白
KLRM021039,pt950对戒,男,PT,男戒,已审核,是,0,18K|PT950,白
KLRM021037,pt950对戒,男,PT,男戒,已审核,是,0,18K|PT950,白
KLRM021035,pt950对戒,男,PT,男戒,已审核,是,0,18K|PT950,白
KLRM021033,pt950对戒,男,PT,男戒,已审核,是,0,18K|PT950,白
KLRM021031,pt950对戒,男,PT,男戒,已审核,是,0,18K|PT950,白
KLRM021027,pt950对戒,男,PT,男戒,已审核,是,0,18K|PT950,白
KLRM021022,pt950对戒 影,男,PT,男戒,已审核,是,0,18K|PT950,白
KLNW021009,PT950铂金 项链 绞丝链 ,女,PT,项链,已审核,是,0,PT950,白
KLNW021008,PT950铂金 项链 侧身链,女,PT,项链,已审核,是,0,PT950,白
KLNW021007,PT950铂金项链 间片链 ,女,PT,项链,已审核,是,0,PT950,白
KLNW021006,PT950铂金 项链 O字链  43-45CM,女,PT,项链,已审核,是,0,PT950,白
KLPW021005,PT950铂金 项链 心飞 ,女,PT,吊坠,已审核,是,0,PT950,白
KLPW020999,兰心,女,PT,吊坠,已审核,是,0,PT950,白
KLPW020998,星洛,女,PT,吊坠,已审核,是,0,PT950,白
KLRM020931,PT950铂金 情侣对戒 情深意切,男,PT,男戒,已审核,是,0,18K|PT950,白
KLRM020929,PT950铂金  幸福曲线 对戒之男戒,男,PT,男戒,已审核,是,0,18K|PT950,白
KLDW020919,PT950铂金耳钉  心飞 ,女,PT,耳饰,已审核,是,0,PT950,白
KLNW020824,PT950铂金项链  满天星  16寸   40-42CM,女,PT,项链,已审核,是,0,PT950,白
KLDW020767,PT950铂金耳钉 结伴,女,PT,耳饰,已审核,是,0,PT950,白
KLOX020715,18k黄嘴唇,中性,其它,套装,已审核,是,0,18K|PT950,按图做
KLPW020681,金鱼公主,女,宝石,吊坠,已审核,是,0,18K|PT950,黄|白|玫瑰金
KLPW020605,吊坠63,女,钻石,吊坠,已审核,是,0,18K|PT950,白|玫瑰金|黄|玫瑰白|玫瑰黄|黄白|分色
KLPW020604,吊坠62,女,钻石,吊坠,已审核,是,0,18K|PT950,白|玫瑰金|黄|玫瑰白|玫瑰黄|黄白|分色
KLPW020601,吊坠59,女,钻石,吊坠,已审核,是,0,18K|PT950,白|玫瑰金|黄|玫瑰白|玫瑰黄|黄白|分色
KLPW020591,吊坠51,女,钻石,吊坠,已审核,是,0,18K|PT950,白|玫瑰金|黄|玫瑰白|玫瑰黄|黄白|分色
KLPW020574,吊坠50,女,钻石,吊坠,已审核,是,0,18K|PT950,白|玫瑰金|黄|玫瑰白|玫瑰黄|黄白|分色
KLPW020568,吊坠44,女,钻石,吊坠,已审核,是,0,18K|PT950,白|玫瑰金|黄|玫瑰白|玫瑰黄|黄白|分色
KLPW020567,吊坠43,女,钻石,吊坠,已审核,是,0,18K|PT950,白|玫瑰金|黄|玫瑰白|玫瑰黄|黄白|分色
KLPW020565,吊坠41,女,钻石,吊坠,已审核,是,0,18K|PT950,白|玫瑰金|黄|玫瑰白|玫瑰黄|黄白|分色
KLPW020562,吊坠38,女,钻石,吊坠,已审核,是,0,18K|PT950,白|玫瑰金|黄|玫瑰白|玫瑰黄|黄白|分色
KLPW020556,吊坠29,女,钻石,吊坠,已审核,是,0,18K|PT950,白|玫瑰金|黄|玫瑰白|玫瑰黄|黄白|分色
KLNW020511,18k白 项链 O字链   18寸43-45CM,女,K金,项链,已审核,是,0,18K,白
KLSW020510,18K玫瑰金手链 星轩,女,K金,手链,已审核,是,0,18K,玫瑰金
KLSW020509,18K玫瑰金手链 星虹,女,K金,手链,已审核,是,0,18K,玫瑰金
KLSW020508,18K玫瑰金手链 流莺,女,K金,手链,已审核,是,0,18K,玫瑰金
KLSW020507,18K彩金手链 媚心,女,K金,手链,已审核,是,0,18K,彩金
KLPW020453,吊坠,女,钻石,吊坠,已审核,是,0,18K|PT950,白|玫瑰金|黄|玫瑰白|玫瑰黄|黄白|分色
KLPW020450,吊坠,女,钻石,吊坠,已审核,是,0,18K|PT950,白|玫瑰金|黄|玫瑰白|玫瑰黄|黄白|分色
KLSW020355,18K彩金手链 金铃,女,K金,手链,已审核,是,0,18K,彩金
KLRM020326,PT950铂金 情侣对戒 轨迹,男,PT,男戒,已审核,是,0,18K|PT950,白
KLPW020282,18K玫瑰金 碧玺吊坠 欢乐兔,女,宝石,吊坠,已审核,是,0,18K|PT950,玫瑰黄|玫瑰白|黄白|分色
KLPW020281,兔女郎,女,宝石,吊坠,已审核,是,0,18K|PT950,玫瑰黄|玫瑰白|黄白|分色|黄|白|玫瑰金
KLPW020278,18K玫瑰金  碧玺吊坠 乖乖狗,女,宝石,吊坠,已审核,是,0,18K|PT950,玫瑰黄|玫瑰白|黄白|分色
KLPW020277,18K玫瑰金 碧玺吊坠 熊哥哥,女,宝石,吊坠,已审核,是,0,18K|PT950,玫瑰黄|玫瑰白|黄白|分色
KLPW020274,金鱼儿,女,宝石,吊坠,已审核,是,0,18K|PT950,玫瑰黄|玫瑰白|黄白|分色
KLPW020273,熊妹妹,女,宝石,吊坠,已审核,是,0,18K|PT950,玫瑰黄|玫瑰白|黄白|分色|黄|白|玫瑰金
KLPW020272,18K玫瑰金 碧玺吊坠 顽皮兔,女,宝石,吊坠,已审核,是,0,18K|PT950,玫瑰黄|玫瑰白|黄白|分色
KLPW020270,钻石吊坠,女,钻石,吊坠,已审核,是,0,18K|PT950,白|玫瑰金|黄|玫瑰白|玫瑰黄|黄白|分色
KLPW020269,钻石吊坠,女,钻石,吊坠,已审核,是,0,18K|PT950,白|玫瑰金|黄|玫瑰白|玫瑰黄|黄白|分色
KLPW020268,钻石吊坠,女,钻石,吊坠,已审核,是,0,18K|PT950,白|玫瑰金|黄|玫瑰白|玫瑰黄|黄白|分色
KLPW020267,钻石吊坠,女,钻石,吊坠,已审核,是,0,18K|PT950,白|玫瑰金|黄|玫瑰白|玫瑰黄|黄白|分色
KLPW020266,钻石吊坠,女,钻石,吊坠,已审核,是,0,18K|PT950,白|玫瑰金|黄|玫瑰白|玫瑰黄|黄白|分色
KLPW020265,钻石吊坠,女,钻石,吊坠,已审核,是,0,18K|PT950,白|玫瑰金|黄|玫瑰白|玫瑰黄|黄白|分色
KLPW020264,钻石吊坠,女,钻石,吊坠,已审核,是,0,18K|PT950,白|玫瑰金|黄|玫瑰白|玫瑰黄|黄白|分色
KLPW020262,钻石吊坠,女,钻石,吊坠,已审核,是,0,18K|PT950,白|玫瑰金|黄|玫瑰白|玫瑰黄|黄白|分色
KLPW020261,钻石吊坠,女,钻石,吊坠,已审核,是,0,18K|PT950,白|玫瑰金|黄|玫瑰白|玫瑰黄|黄白|分色
KLPW020259,钻石吊坠,女,钻石,吊坠,已审核,是,0,18K|PT950,白|玫瑰金|黄|玫瑰白|玫瑰黄|黄白|分色
KLPW020258,钻石吊坠,女,钻石,吊坠,已审核,是,0,18K|PT950,白|玫瑰金|黄|玫瑰白|玫瑰黄|黄白|分色
KLPW020249,钻石吊坠,女,钻石,吊坠,已审核,是,0,18K|PT950,白|玫瑰金|黄|玫瑰白|玫瑰黄|黄白|分色
KLPW020247,钻石吊坠,女,钻石,吊坠,已审核,是,0,18K|PT950,白|玫瑰金|黄|玫瑰白|玫瑰黄|黄白|分色
KLPW020241,钻石吊坠,女,钻石,吊坠,已审核,是,0,18K|PT950,白|玫瑰金|黄|玫瑰白|玫瑰黄|黄白|分色
KLPW020231,钻石吊坠,女,钻石,吊坠,已审核,是,0,18K|PT950,白|玫瑰金|黄|玫瑰白|玫瑰黄|黄白|分色
KLPW020230,钻石吊坠,女,钻石,吊坠,已审核,是,0,18K|PT950,白|玫瑰金|黄|玫瑰白|玫瑰黄|黄白|分色
KLPW020228,钻石吊坠,女,钻石,吊坠,已审核,是,0,18K|PT950,白|玫瑰金|黄|玫瑰白|玫瑰黄|黄白|分色
KLPW020226,钻石吊坠,女,钻石,吊坠,已审核,是,0,18K|PT950,白|玫瑰金|黄|玫瑰白|玫瑰黄|黄白|分色
KLPW020225,钻石吊坠,女,钻石,吊坠,已审核,是,0,18K|PT950,白|玫瑰金|黄|玫瑰白|玫瑰黄|黄白|分色
KLPW020224,钻石吊坠,女,钻石,吊坠,已审核,是,0,18K|PT950,白|玫瑰金|黄|玫瑰白|玫瑰黄|黄白|分色
KLPW020223,钻石吊坠,女,钻石,吊坠,已审核,是,0,18K|PT950,白|玫瑰金|黄|玫瑰白|玫瑰黄|黄白|分色
KLPW020220,钻石吊坠,女,钻石,吊坠,已审核,是,0,18K|PT950,白|玫瑰金|黄|玫瑰白|玫瑰黄|黄白|分色
KLPW020219,钻石吊坠--已作废,女,钻石,吊坠,已审核,是,0,18K|PT950,白|玫瑰金|黄|玫瑰白|玫瑰黄|黄白|分色
KLPW020218,钻石吊坠,女,钻石,吊坠,已审核,是,0,18K|PT950,白|玫瑰金|黄|玫瑰白|玫瑰黄|黄白|分色
KLPW020211,钻石吊坠,女,钻石,吊坠,已审核,是,0,18K|PT950,白|玫瑰金|黄|玫瑰白|玫瑰黄|黄白|分色
KLPW020048,吊坠,女,钻石,吊坠,已审核,是,0,18K|PT950,白|玫瑰金|黄|玫瑰白|玫瑰黄|黄白|分色
KLPW020025,钻石吊坠,女,钻石,吊坠,已审核,是,0,18K|PT950,白|玫瑰金|黄|玫瑰白|玫瑰黄|黄白|分色
KLPW019972,钻石吊坠,女,钻石,吊坠,已审核,是,0,18K|PT950,白|玫瑰金|黄|玫瑰白|玫瑰黄|黄白|分色
KLPW019970,钻石吊坠,女,钻石,吊坠,已审核,是,0,18K|PT950,白|玫瑰金|黄|玫瑰白|玫瑰黄|黄白|分色
KLPW019938,18K玫瑰金 翡翠葫芦,女,宝石,吊坠,已审核,是,0,18K|PT950,玫瑰黄|玫瑰白|黄白|分色
KLPW019917,开心小猪,女,宝石,吊坠,已审核,是,0,18K|PT950,黄|白|玫瑰金
KLPW019916,小天鹅,女,宝石,吊坠,已审核,是,0,18K|PT950,黄|白|玫瑰金
KLPW019915,爱猫咪-公主,女,宝石,吊坠,已审核,是,0,18K|PT950,黄|白|玫瑰金
KLPW019914,陶醉猫,女,宝石,吊坠,已审核,是,0,18K|PT950,黄|白|玫瑰金
KLPW019913,爱猫咪-女王,女,宝石,吊坠,已审核,是,0,18K|PT950,黄|白|玫瑰金
KLPW019912,碧玺吊坠,女,宝石,吊坠,已审核,是,0,18K|PT950,黄|白|玫瑰金
KLPW019911,灵猫,女,宝石,吊坠,已审核,是,0,18K|PT950,黄|白|玫瑰金
KLPW019909,熊妹妹,女,宝石,吊坠,已审核,是,0,18K|PT950,黄|白|玫瑰金
KLPW019908,碧玺吊坠,女,宝石,吊坠,已审核,是,0,18K|PT950,黄|白|玫瑰金
KLOX019728,PT950 耳背,中性,其它,套装,已审核,是,0,18K|PT950,按图做
KLPW019547,晨曦 大溪地黑珍珠吊坠,女,珍珠,吊坠,已审核,是,0,18K|PT950,黄|白|玫瑰金
KLPW019172,18K白金 30分/0.3ct 钻石吊坠 完美之选,女,钻石,吊坠,已审核,是,0,18K|PT950,白|玫瑰金|黄|玫瑰白|玫瑰黄|黄白|分色
KLDW019171,18K白金 20分/0.2ct 钻石耳钉 恋人絮语,女,钻石,耳饰,已审核,是,0,18K|PT950,白|玫瑰金|黄|玫瑰白|玫瑰黄|黄白|分色
KLPW019064,知足-珍惜,女,宝石,吊坠,已审核,是,0,18K|PT950,黄|白|玫瑰金
KLPW018910,缘.遇,女,K金,吊坠,已审核,是,0,18K,彩金
KLPW018909,蝶不息,女,K金,吊坠,已审核,是,0,18K,分色|玫瑰金|黄|白|玫瑰黄|玫瑰白|黄白
KLPW018601,18K白金 30分/0.3ct 钻石吊坠 皎爱,女,钻石,吊坠,已审核,是,0,18K|PT950,白|玫瑰金|黄|玫瑰白|玫瑰黄|黄白|分色
KLPW018560,白18K金 群镶款 海水珍珠吊坠 乐来香,女,珍珠,吊坠,已审核,是,0,18K|PT950,黄|白|玫瑰金
KLDW018557,白18K金 海水珍珠耳钉 萤火虫,女,珍珠,耳饰,已审核,是,0,18K|PT950,黄|白|玫瑰金
KLPW018554,小雏菊  南洋白珍珠吊坠,女,珍珠,吊坠,已审核,是,0,18K|PT950,黄|白|玫瑰金
KLPW018553,黄18K金 海水珍珠吊坠 爱的桂冠,女,珍珠,吊坠,已审核,是,0,18K|PT950,黄|白|玫瑰金
KLPW018552,白18K金 海水珍珠吊坠  睡美人 ,女,珍珠,吊坠,已审核,是,0,18K|PT950,黄|白|玫瑰金
KLPW018551,白18K金 海水珍珠吊坠 香草甜心,女,珍珠,吊坠,已审核,是,0,18K|PT950,黄|白|玫瑰金
KLPW018550,白18K金 海水珍珠吊坠 小海星 ,女,珍珠,吊坠,已审核,是,0,18K|PT950,黄|白|玫瑰金
KLPW018549,仙露 海水珍珠吊坠,女,珍珠,吊坠,已审核,是,0,18K|PT950,黄|白|玫瑰金
KLPW018548,两情相悦 海水珍珠吊坠,女,珍珠,吊坠,已审核,是,0,18K|PT950,黄|白|玫瑰金
KLPW018533,逐梦 大溪地黑珍珠吊坠,女,珍珠,吊坠,已审核,是,0,18K|PT950,黄|白|玫瑰金
KLPW018467,18K白金 钻石吊坠 心心相印,女,钻石,吊坠,已审核,是,0,18K|PT950,白|玫瑰金|黄|玫瑰白|玫瑰黄|黄白|分色
KLDW018418,心窗,女,K金,耳饰,已审核,是,0,18K,彩金
KLDW018417,18K黄金耳钉 小太阳,女,K金,耳饰,已审核,是,0,18K,黄|白|玫瑰金
KLPW018416,惺惺相惜,女,K金,吊坠,已审核,是,0,18K,彩金
KLPW018414,幸运三叶草,女,K金,吊坠,已审核,是,0,18K,彩金
KLPW018332,18K玫瑰金 碧玺吊坠 钻石吊坠 群镶款 妩媚秀丽,女,宝石,吊坠,已审核,是,0,18K|PT950,玫瑰黄|玫瑰白|黄白|分色
KLRW018313,华美绝伦,女,宝石,女戒,已审核,是,0,18K|PT950,分色|玫瑰金|黄|白|玫瑰黄|玫瑰白|黄白
KLPW018307,18K玫瑰金 碧玺吊坠 群镶款 魅力四射,女,宝石,吊坠,已审核,是,0,18K|PT950,玫瑰黄|玫瑰白|黄白|分色
KLNW018296,18k项链,女,钻石,项链,已审核,是,0,18K|PT950,白|玫瑰金|黄|玫瑰白|玫瑰黄|黄白|分色
KLRM018274,PT950铂金 情侣对戒 恰似温柔,男,PT,男戒,已审核,是,0,18K|PT950,白
KLRM018273,PT950铂金 情侣对戒 爱之光华,男,PT,男戒,已审核,是,0,18K|PT950,白
KLRM018270,PT950铂金 情侣对戒 幸福阶梯,男,PT,男戒,已审核,是,0,18K|PT950,白
KLNW018265,铂金 锁恋,女,PT,项链,已审核,是,0,PT950,白
KLDW018263,PT950铂金耳钉 圆润,女,PT,耳饰,已审核,是,0,PT950,白
KLNW018262,铂金项链 深爱,女,PT,项链,已审核,是,0,PT950,白
KLDW018260,铂金 星心 明星,女,PT,耳饰,已审核,是,0,PT950,白
KLPW018259,铂金 爱疯小苹果,女,PT,吊坠,已审核,是,0,PT950,白
KLDW018257,PT950铂金耳钉 绽梅 ,女,PT,耳饰,已审核,是,0,PT950,白
KLPW018247,春晓-生机,女,宝石,吊坠,已审核,是,0,18K|PT950,黄|白|玫瑰金
KLPW018246,春晓-光芒,女,宝石,吊坠,已审核,是,0,18K|PT950,黄|白|玫瑰金
KLDW018225,18K玫瑰金耳钉 花之梦,女,K金,耳饰,已审核,是,0,18K,玫瑰金
KLPW018210,珂兰钻石 18K白金12.3钻石吊坠（含副石2.3分） 呵护 赠S925银链,女,钻石,吊坠,已审核,是,0,18K|PT950,白|玫瑰金|黄|玫瑰白|玫瑰黄|黄白|分色
KLNW018209,18K玫瑰金项链 angel 情系天使,女,K金,项链,已审核,是,0,18K,玫瑰金
KLPW018208,PT950 吊坠 海豚,女,PT,吊坠,已审核,是,0,PT950,白
KLPW018207,PT950 吊坠,女,PT,吊坠,已审核,是,0,PT950,白
KLPW018203,PT950铂金吊坠 结伴 ,女,PT,吊坠,已审核,是,0,PT950,白
KLNW018199,45cmk红肖邦链,女,K金,项链,已审核,是,0,18K,玫瑰金
KLNW018198,18k白金项链 肖邦链,女,K金,项链,已审核,是,0,18K,白
KLPW018168,柔情蜜意,女,钻石,吊坠,已审核,是,0,18K|PT950,白|玫瑰金|黄|玫瑰白|玫瑰黄|黄白|分色
KLPW018165,名媛风范,女,钻石,吊坠,已审核,是,0,18K|PT950,白|玫瑰金|黄|玫瑰白|玫瑰黄|黄白|分色
KLPX018163,18K金黄色 海水珍珠吊坠 陨落之心,中性,珍珠,吊坠,已审核,是,0,18K|PT950,黄|白|玫瑰金
KLPW018162,陨落之心18K白金,女,珍珠,吊坠,已审核,是,0,18K|PT950,黄|白|玫瑰金
KLPW018149,金陵十三钗-清新,女,宝石,吊坠,已审核,是,0,18K|PT950,黄|白|玫瑰金
KLPW018148,金陵十三钗-润泽,女,宝石,吊坠,已审核,是,0,18K|PT950,黄|白|玫瑰金
KLPW018147,金陵十三钗-舒心,女,宝石,吊坠,已审核,是,0,18K|PT950,黄|白|玫瑰金
KLPW018144,金陵十三钗-华贵,女,宝石,吊坠,已审核,是,0,18K|PT950,黄|白|玫瑰金
KLPW018143,金陵十三钗-怡然,女,宝石,吊坠,已审核,是,0,18K|PT950,黄|白|玫瑰金
KLPW018142,金陵十三钗-坚贞,女,宝石,吊坠,已审核,是,0,18K|PT950,黄|白|玫瑰金
KLPW018141,金陵十三钗-雅姿,女,宝石,吊坠,已审核,是,0,18K|PT950,黄|白|玫瑰金
KLPW018140,金陵十三钗-屏风,女,宝石,吊坠,已审核,是,0,18K|PT950,黄|白|玫瑰金
KLPW018139,金陵十三钗-荷塘,女,宝石,吊坠,已审核,是,0,18K|PT950,黄|白|玫瑰金
KLPW018138,金陵十三钗-绽放,女,宝石,吊坠,已审核,是,0,18K|PT950,黄|白|玫瑰金
KLPW018136,金陵十三钗-清羞,女,宝石,吊坠,已审核,是,0,18K|PT950,黄|白|玫瑰金
KLPW018002,18K玫瑰金 吊坠 心爱,女,K金,吊坠,已审核,是,0,18K,玫瑰金
KLNW017845,18K玫瑰金项链 波动,女,K金,项链,已审核,是,0,18K,玫瑰金
KLNW017840,18K玫瑰金项链 水波,女,K金,项链,已审核,是,0,18K,玫瑰金
KLPW017694,吊坠,女,钻石,吊坠,已审核,是,0,18K|PT950,白|玫瑰金|黄|玫瑰白|玫瑰黄|黄白|分色
KLPW017693,吊坠,女,钻石,吊坠,已审核,是,0,18K|PT950,白|玫瑰金|黄|玫瑰白|玫瑰黄|黄白|分色
KLPW017166,18K玫瑰金 吊坠 一网情深,女,K金,吊坠,已审核,是,0,18K,玫瑰金
KLPW016257,吊坠,女,钻石,吊坠,已审核,是,0,18K|PT950,白|玫瑰金|黄|玫瑰白|玫瑰黄|黄白|分色
KLRW016252,月光石女戒,女,其它,女戒,已审核,是,0,18K|PT950,分色|玫瑰金|黄|白
KLPW016174,金风玉露,女,宝石,吊坠,已审核,是,0,18K|PT950,黄|白|玫瑰金
KLPW016157,喜逢甘露-希冀,女,宝石,吊坠,已审核,是,0,18K|PT950,黄|白|玫瑰金
KLPW016154,喜逢甘露-相信,女,宝石,吊坠,已审核,是,0,18K|PT950,黄|白|玫瑰金
KLPW016153,喜逢甘露-如愿,女,宝石,吊坠,已审核,是,0,18K|PT950,黄|白|玫瑰金
KLDW016010,耳钉,女,钻石,耳饰,已审核,是,0,18K|PT950,白|玫瑰金|黄|玫瑰白|玫瑰黄|黄白|分色
KLDW015986,耳钉,女,钻石,耳饰,已审核,是,0,18K|PT950,白|玫瑰金|黄|玫瑰白|玫瑰黄|黄白|分色
KLDW015975,耳钉,女,钻石,耳饰,已审核,是,0,18K|PT950,白|玫瑰金|黄|玫瑰白|玫瑰黄|黄白|分色
KLPW015843,PT950铂金吊坠  爱的启明星 ,女,PT,吊坠,已审核,是,0,PT950,白
KLDW015842,铂金耳钉结伴,女,PT,耳饰,已审核,是,0,PT950,白
KLPW015841,PT950铂金吊坠 心跳 ,女,PT,吊坠,已审核,是,0,PT950,白
KLPW015840,铂金吊坠,女,PT,吊坠,已审核,是,0,PT950,白
KLPW015839,铂金吊坠 夏影,女,PT,吊坠,已审核,是,0,PT950,白
KLPW015786,碧水之澜,女,宝石,吊坠,已审核,是,0,18K|PT950,黄|白|玫瑰金
KLPW015751,18K白金粉晶吊坠 群镶款 缤纷甜心,女,宝石,吊坠,已审核,是,0,18K|PT950,黄|白|玫瑰金
KLPW015750,18K黄金 水晶吊坠 群镶款 甜蜜果萃,女,宝石,吊坠,已审核,是,0,18K|PT950,黄|白|玫瑰金
KLDW015747,耳钉,女,钻石,耳饰,已审核,是,0,18K|PT950,白|玫瑰金|黄|玫瑰白|玫瑰黄|黄白|分色
KLPW015477,恬静,女,珍珠,吊坠,已审核,是,0,18K|PT950,黄|白|玫瑰金
KLPW015300,喜爱-守候,女,宝石,吊坠,已审核,是,0,18K|PT950,黄|白|玫瑰金
KLPW015293,喜爱-梦,女,宝石,吊坠,已审核,是,0,18K|PT950,黄|白|玫瑰金
KLPW015264,18k吊坠,女,钻石,吊坠,已审核,是,0,18K|PT950,白|玫瑰金|黄|玫瑰白|玫瑰黄|黄白|分色
KLPW015020,心房,女,K金,吊坠,已审核,是,0,18K,分色|玫瑰金|黄|白|玫瑰黄|玫瑰白|黄白
KLNW014944,水波纹,女,普通黄金,项链,已审核,是,0,18K|PT950,黄
KLPW014890,吊坠,女,钻石,吊坠,已审核,是,0,18K|PT950,白|玫瑰金|黄|玫瑰白|玫瑰黄|黄白|分色
KLPW014888,吊坠,女,其它,吊坠,已审核,是,0,18K|PT950,白
KLPW014886,花韵,女,宝石,吊坠,已审核,是,0,18K|PT950,黄|白|玫瑰金
KLPW014881,蓝色缪斯,女,宝石,吊坠,已审核,是,0,18K|PT950,黄|白|玫瑰金
KLPW014878,吊坠,女,钻石,吊坠,已审核,是,0,18K|PT950,白|玫瑰金|黄|玫瑰白|玫瑰黄|黄白|分色
KLPW014877,吊坠,女,钻石,吊坠,已审核,是,0,18K|PT950,白|玫瑰金|黄|玫瑰白|玫瑰黄|黄白|分色
KLPW014876,吊坠,女,钻石,吊坠,已审核,是,0,18K|PT950,白|玫瑰金|黄|玫瑰白|玫瑰黄|黄白|分色
KLPW014874,吊坠,女,钻石,吊坠,已审核,是,0,18K|PT950,白|玫瑰金|黄|玫瑰白|玫瑰黄|黄白|分色
KLPW014873,吊坠,女,钻石,吊坠,已审核,是,0,18K|PT950,白|玫瑰金|黄|玫瑰白|玫瑰黄|黄白|分色
KLPW014872,吊坠,女,钻石,吊坠,已审核,是,0,18K|PT950,白|玫瑰金|黄|玫瑰白|玫瑰黄|黄白|分色
KLPW014869,吊坠,女,珍珠,吊坠,已审核,是,0,18K|PT950,黄|白|玫瑰金
KLPW014866,吊坠,女,珍珠,吊坠,已审核,是,0,18K|PT950,黄|白|玫瑰金
KLDW014863,宫廷风情,女,珍珠,耳饰,已审核,是,0,18K|PT950,黄|白|玫瑰金
KLDW014859,朗月照花,女,珍珠,耳饰,已审核,是,0,18K|PT950,黄|白|玫瑰金
KLPW014858,璀恋,女,珍珠,吊坠,已审核,是,0,18K|PT950,黄|白|玫瑰金
KLDW014857,璀恋,女,珍珠,耳饰,已审核,是,0,18K|PT950,黄|白|玫瑰金
KLPW014856,缠心,女,珍珠,吊坠,已审核,是,0,18K|PT950,黄|白|玫瑰金
KLDW014855,缠心,女,珍珠,耳饰,已审核,是,0,18K|PT950,黄|白|玫瑰金
KLPW014852,吊坠,女,珍珠,吊坠,已审核,是,0,18K|PT950,黄|白|玫瑰金
KLPW014851,吊坠,女,珍珠,吊坠,已审核,是,0,18K|PT950,黄|白|玫瑰金
KLDW014843,专属情意,女,钻石,耳饰,已审核,是,0,18K|PT950,白|玫瑰金|黄|玫瑰白|玫瑰黄|黄白|分色
KLPW014842,吊坠,女,钻石,吊坠,已审核,是,0,18K|PT950,白|玫瑰金|黄|玫瑰白|玫瑰黄|黄白|分色
KLPW014841,吊坠,女,钻石,吊坠,已审核,是,0,18K|PT950,白|玫瑰金|黄|玫瑰白|玫瑰黄|黄白|分色
KLPW014820,18K白金 钻石吊坠 石榴裙,女,钻石,吊坠,已审核,是,0,18K|PT950,白|玫瑰金|黄|玫瑰白|玫瑰黄|黄白|分色
KLPW014661,珍珠吊坠,女,珍珠,吊坠,已审核,是,0,18K|PT950,黄|白|玫瑰金
KLPW014657,珍珠吊坠,女,珍珠,吊坠,已审核,是,0,18K|PT950,黄|白|玫瑰金
KLPW014656,珍珠吊坠,女,珍珠,吊坠,已审核,是,0,18K|PT950,黄|白|玫瑰金
KLPW014655,珍珠吊坠,女,珍珠,吊坠,已审核,是,0,18K|PT950,黄|白|玫瑰金
KLPW014651,珍珠吊坠,女,珍珠,吊坠,已审核,是,0,18K|PT950,黄|白|玫瑰金
KLPW014649,心漩 大溪地黑珍珠吊坠,女,珍珠,吊坠,已审核,是,0,18K|PT950,黄|白|玫瑰金
KLPW014648,珍珠吊坠,女,珍珠,吊坠,已审核,是,0,18K|PT950,黄|白|玫瑰金
KLPW014647,18K金白色 大溪地黑珍珠吊坠 云水谣,女,珍珠,吊坠,已审核,是,0,18K|PT950,黄|白|玫瑰金
KLPW014646,18K金白色 大溪地黑珍珠吊坠 幽兰,女,珍珠,吊坠,已审核,是,0,18K|PT950,黄|白|玫瑰金
KLPW014645,18K金白色 大溪地黑珍珠吊坠 情缘,女,珍珠,吊坠,已审核,是,0,18K|PT950,黄|白|玫瑰金
KLPW014644,情定地中海 大溪地黑珍珠吊坠,女,珍珠,吊坠,已审核,是,0,18K|PT950,黄|白|玫瑰金
KLDW014641,珍珠耳钉,女,珍珠,耳饰,已审核,是,0,18K|PT950,黄|白|玫瑰金
KLPW014640,珍珠吊坠,女,珍珠,吊坠,已审核,是,0,18K|PT950,黄|白|玫瑰金
KLDW014638,珍珠耳钉,女,珍珠,耳饰,已审核,是,0,18K|PT950,黄|白|玫瑰金
KLPW014631,珍珠吊坠,女,珍珠,吊坠,已审核,是,0,18K|PT950,黄|白|玫瑰金
KLPW014627,18K金白色 大溪地黑珍珠吊坠 寓言,女,珍珠,吊坠,已审核,是,0,18K|PT950,黄|白|玫瑰金
KLPW014626,18K金白色 大溪地黑珍珠吊坠 缘定今生,女,珍珠,吊坠,已审核,是,0,18K|PT950,黄|白|玫瑰金
KLPW014625,珍珠吊坠,女,珍珠,吊坠,已审核,是,0,18K|PT950,黄|白|玫瑰金
KLDW014620,珍珠耳钉,女,珍珠,耳饰,已审核,是,0,18K|PT950,黄|白|玫瑰金
KLPW014619,相融,女,珍珠,吊坠,已审核,是,0,18K|PT950,黄|白|玫瑰金
KLPW014618,天使泪 大溪地黑珍珠吊坠,女,珍珠,吊坠,已审核,是,0,18K|PT950,黄|白|玫瑰金
KLPW014616,魔法之恋,女,珍珠,吊坠,已审核,是,0,18K|PT950,黄|白|玫瑰金
KLDW014615,珍珠耳钉,女,珍珠,耳饰,已审核,是,0,18K|PT950,黄|白|玫瑰金
KLPW014614,18K金白色 大溪地黑珍珠吊坠 海之吻 ,女,珍珠,吊坠,已审核,是,0,18K|PT950,黄|白|玫瑰金
KLPW014613,心韵 大溪地黑珍珠吊坠,女,珍珠,吊坠,已审核,是,0,18K|PT950,黄|白|玫瑰金
KLPW014612,18K金白色 大溪地黑珍珠吊坠 心动,女,珍珠,吊坠,已审核,是,0,18K|PT950,黄|白|玫瑰金
KLPW014611,婉转,女,珍珠,吊坠,已审核,是,0,18K|PT950,黄|白|玫瑰金
KLPW014610,珍珠吊坠,女,珍珠,吊坠,已审核,是,0,18K|PT950,黄|白|玫瑰金
KLPW014609,珍珠吊坠,女,珍珠,吊坠,已审核,是,0,18K|PT950,黄|白|玫瑰金
KLPW014608,珍珠吊坠,女,珍珠,吊坠,已审核,是,0,18K|PT950,黄|白|玫瑰金
KLPW014607,珍珠吊坠,女,珍珠,吊坠,已审核,是,0,18K|PT950,黄|白|玫瑰金
KLDW014606,珍珠耳钉,女,珍珠,耳饰,已审核,是,0,18K|PT950,黄|白|玫瑰金
KLPW014604,珍珠吊坠,女,珍珠,吊坠,已审核,是,0,18K|PT950,黄|白|玫瑰金
KLPW014603,珍珠吊坠,女,珍珠,吊坠,已审核,是,0,18K|PT950,黄|白|玫瑰金
KLPW014602,丝语,女,珍珠,吊坠,已审核,是,0,18K|PT950,黄|白|玫瑰金
KLNW014601,珍珠吊坠,女,珍珠,项链,已审核,是,0,18K|PT950,黄|白|玫瑰金
KLDW014600,珍珠耳钉,女,珍珠,耳饰,已审核,是,0,18K|PT950,黄|白|玫瑰金
KLDW014599,珍珠耳钉,女,珍珠,耳饰,已审核,是,0,18K|PT950,黄|白|玫瑰金
KLDW014596,珍珠耳钉,女,珍珠,耳饰,已审核,是,0,18K|PT950,黄|白|玫瑰金
KLDW014595,珍珠耳钉,女,珍珠,耳饰,已审核,是,0,18K|PT950,黄|白|玫瑰金
KLPW014485,18K玫瑰金吊坠 扣印心情,女,K金,吊坠,已审核,是,0,18K,玫瑰金
KLPW014484,18K玫瑰金吊坠 扣如心弦,女,K金,吊坠,已审核,是,0,18K,玫瑰金
KLPW014474,18K玫瑰金吊坠 心之恋语,女,K金,吊坠,已审核,是,0,18K,玫瑰金
KLPW014458,喜爱-清雅,女,宝石,吊坠,已审核,是,0,18K|PT950,黄|白|玫瑰金
KLPW014420,18K白金 5分/0.05ct 群镶款钻石吊坠 狮子座,女,钻石,吊坠,已审核,是,0,18K|PT950,白|玫瑰金|黄|玫瑰白|玫瑰黄|黄白|分色
KLPW014412,18K白金 8分/0.08ct 群镶款钻石吊坠 天蝎座,女,钻石,吊坠,已审核,是,0,18K|PT950,白|玫瑰金|黄|玫瑰白|玫瑰黄|黄白|分色
KLPW014379,夏日泡泡-欢乐无忧,女,宝石,吊坠,已审核,是,0,18K|PT950,玫瑰黄|玫瑰白|黄白|分色
KLPW014370,心锁-尘封,女,宝石,吊坠,已审核,是,0,18K|PT950,黄|白|玫瑰金
KLPW014210,心动十分,女,钻石,吊坠,已审核,是,0,18K|PT950,白|玫瑰金|黄|玫瑰白|玫瑰黄|黄白|分色
KLPW014192,唯一,女,钻石,吊坠,已审核,是,0,18K|PT950,白|玫瑰金|黄|玫瑰白|玫瑰黄|黄白|分色
KLPW014187,达芙妮的眼泪-黄钻,女,钻石,吊坠,已审核,是,0,18K|PT950,白|玫瑰金|黄|玫瑰白|玫瑰黄|黄白|分色
KLRW014179,三生石的记忆-黄钻,女,钻石,女戒,已审核,是,0,18K|PT950,分色|玫瑰金|黄|白
KLRW014172,容华-黄钻,女,钻石,女戒,已审核,是,0,18K|PT950,分色|玫瑰金|黄|白
KLPW014164,伊莉莎白的秘密,女,钻石,吊坠,已审核,是,0,18K|PT950,白|玫瑰金|黄|玫瑰白|玫瑰黄|黄白|分色
KLPW014163,筑爱项链-黄钻,女,钻石,吊坠,已审核,是,0,18K|PT950,白|玫瑰金|黄|玫瑰白|玫瑰黄|黄白|分色
KLPW014048,翡翠吊坠,女,宝石,吊坠,已审核,是,0,18K|PT950,玫瑰黄|玫瑰白|黄白|分色
KLPW014046,翡翠吊坠,女,宝石,吊坠,已审核,是,0,18K|PT950,玫瑰黄|玫瑰白|黄白|分色
KLPW014045,翡翠吊坠,女,宝石,吊坠,已审核,是,0,18K|PT950,玫瑰黄|玫瑰白|黄白|分色
KLPW014044,翡翠吊坠,女,宝石,吊坠,已审核,是,0,18K|PT950,玫瑰黄|玫瑰白|黄白|分色
KLPW014043,翡翠吊坠,女,宝石,吊坠,已审核,是,0,18K|PT950,玫瑰黄|玫瑰白|黄白|分色
KLPW014042,翡翠吊坠,女,宝石,吊坠,已审核,是,0,18K|PT950,玫瑰黄|玫瑰白|黄白|分色
KLPW014041,翡翠吊坠,女,宝石,吊坠,已审核,是,0,18K|PT950,玫瑰黄|玫瑰白|黄白|分色
KLPW014040,翡翠吊坠,女,宝石,吊坠,已审核,是,0,18K|PT950,玫瑰黄|玫瑰白|黄白|分色
KLPW014039,翡翠吊坠,女,宝石,吊坠,已审核,是,0,18K|PT950,玫瑰黄|玫瑰白|黄白|分色
KLPW014038,翡翠吊坠,女,宝石,吊坠,已审核,是,0,18K|PT950,玫瑰黄|玫瑰白|黄白|分色
KLPW014037,翡翠吊坠,女,宝石,吊坠,已审核,是,0,18K|PT950,玫瑰黄|玫瑰白|黄白|分色
KLPW014036,翡翠吊坠,女,宝石,吊坠,已审核,是,0,18K|PT950,玫瑰黄|玫瑰白|黄白|分色
KLPW013991,翡翠吊坠 葫芦,女,宝石,吊坠,已审核,是,0,18K|PT950,玫瑰黄|玫瑰白|黄白|分色
KLPW013990,翡翠吊坠 葫芦,女,宝石,吊坠,已审核,是,0,18K|PT950,黄|白|玫瑰金
KLPW013978,心愿袋-心影,女,宝石,吊坠,已审核,是,0,18K|PT950,玫瑰黄|玫瑰白|黄白|分色
KLPW013804,春晓-小荷,女,宝石,吊坠,已审核,是,0,18K|PT950,黄|白|玫瑰金
KLPW013803,春晓-青豌豆,女,宝石,吊坠,已审核,是,0,18K|PT950,黄|白|玫瑰金
KLPW013721,吊坠,女,钻石,吊坠,已审核,是,0,18K|PT950,白|玫瑰金|黄|玫瑰白|玫瑰黄|黄白|分色
KLPW013718,吊坠,女,钻石,吊坠,已审核,是,0,18K|PT950,白|玫瑰金|黄|玫瑰白|玫瑰黄|黄白|分色
KLPW013716,吊坠,女,钻石,吊坠,已审核,是,0,18K|PT950,白|玫瑰金|黄|玫瑰白|玫瑰黄|黄白|分色
KLPW013706,吊坠,女,钻石,吊坠,已审核,是,0,18K|PT950,白|玫瑰金|黄|玫瑰白|玫瑰黄|黄白|分色
KLDW013698,耳钉,女,钻石,耳饰,已审核,是,0,18K|PT950,白|玫瑰金|黄|玫瑰白|玫瑰黄|黄白|分色
KLPW013665,翡翠吊坠,女,宝石,吊坠,已审核,是,0,18K|PT950,玫瑰黄|玫瑰白|黄白|分色
KLPW013664,翡翠吊坠,女,宝石,吊坠,已审核,是,0,18K|PT950,玫瑰黄|玫瑰白|黄白|分色
KLPW013663,翡翠吊坠,女,宝石,吊坠,已审核,是,0,18K|PT950,玫瑰黄|玫瑰白|黄白|分色
KLPW013659,翡翠吊坠,女,宝石,吊坠,已审核,是,0,18K|PT950,玫瑰黄|玫瑰白|黄白|分色
KLPW013658,翡翠吊坠,女,宝石,吊坠,已审核,是,0,18K|PT950,玫瑰黄|玫瑰白|黄白|分色
KLPW013655,翡翠吊坠,女,宝石,吊坠,已审核,是,0,18K|PT950,玫瑰黄|玫瑰白|黄白|分色
KLPW013652,翡翠吊坠,女,宝石,吊坠,已审核,是,0,18K|PT950,玫瑰黄|玫瑰白|黄白|分色
KLPW013651,翡翠吊坠,女,宝石,吊坠,已审核,是,0,18K|PT950,玫瑰黄|玫瑰白|黄白|分色
KLPW013647,翡翠吊坠,女,宝石,吊坠,已审核,是,0,18K|PT950,玫瑰黄|玫瑰白|黄白|分色
KLPW013646,翡翠吊坠,女,宝石,吊坠,已审核,是,0,18K|PT950,玫瑰黄|玫瑰白|黄白|分色
KLPW013645,翡翠吊坠,女,宝石,吊坠,已审核,是,0,18K|PT950,玫瑰黄|玫瑰白|黄白|分色
KLPW013644,翡翠吊坠,女,宝石,吊坠,已审核,是,0,18K|PT950,玫瑰黄|玫瑰白|黄白|分色
KLDW013591,繁星,女,珍珠,耳饰,已审核,是,0,18K|PT950,黄|白|玫瑰金
KLPW013457,吊坠,女,钻石,吊坠,已审核,是,0,18K|PT950,白|玫瑰金|黄|玫瑰白|玫瑰黄|黄白|分色
KLZW013442,18K金白色 大溪地黑珍珠耳坠 丽质 ,女,珍珠,耳饰,已审核,是,0,18K|PT950,黄|白|玫瑰金
KLZW013441,白18K金 海水珍珠耳饰 唯美,女,珍珠,耳饰,已审核,是,0,18K|PT950,黄|白|玫瑰金
KLPW013414,18K白金黑珍珠吊坠,女,珍珠,吊坠,已审核,是,0,18K|PT950,黄|白|玫瑰金
KLPW013413,18K白金黑珍珠吊坠,女,珍珠,吊坠,已审核,是,0,18K|PT950,黄|白|玫瑰金
KLPW013412,18K黄金南洋金珠吊坠,女,珍珠,吊坠,已审核,是,0,18K|PT950,黄|白|玫瑰金
KLPW013411,18K黄金南洋金珠吊坠,女,珍珠,吊坠,已审核,是,0,18K|PT950,黄|白|玫瑰金
KLZW013407,18K白金黑珍珠耳钉,女,珍珠,耳饰,已审核,是,0,18K|PT950,黄|白|玫瑰金
KLDW013402,18K白金海水珍珠耳钉,女,珍珠,耳饰,已审核,是,0,18K|PT950,黄|白|玫瑰金
KLPW013401,18K金白色 大溪地黑珍珠吊坠 心尚,女,珍珠,吊坠,已审核,是,0,18K|PT950,黄|白|玫瑰金
KLZW013399,18K黄金南洋金珠耳钉,女,珍珠,耳饰,已审核,是,0,18K|PT950,黄|白|玫瑰金
KLPW013398,18K金白色 大溪地黑珍珠吊坠 焰丽,女,珍珠,吊坠,已审核,是,0,18K|PT950,黄|白|玫瑰金
KLDW013303,耳钉,女,钻石,耳饰,已审核,是,0,18K|PT950,白|玫瑰金|黄|玫瑰白|玫瑰黄|黄白|分色
KLNW013024,18K白金项链 低调美,女,K金,项链,已审核,是,0,18K,白
KLNW013023,18K玫瑰金项链 抽象美,女,K金,项链,已审核,是,0,18K,玫瑰金
KLNW013022,18K白金项链 淡然,女,K金,项链,已审核,是,0,18K,白
KLNW013021,光耀,女,K金,项链,已审核,是,0,18K,黄|白|玫瑰金
KLNW013019,18K白金项链 古典,女,K金,项链,已审核,是,0,18K,白
KLNW013018,18K白金 项链 婉约,女,K金,项链,已审核,是,0,18K,白
KLNW013017,18K白金项链 花样年华,女,K金,项链,已审核,是,0,18K,白
KLNW013014,玫瑰之恋,女,K金,项链,已审核,是,0,18K,玫瑰黄|玫瑰白|黄白|分色|黄|白|玫瑰金|彩金
KLNW013013,18K玫瑰金项链 相映,女,K金,项链,已审核,是,0,18K,玫瑰金
KLNW013011,精巧,女,K金,项链,已审核,是,0,18K,黄|白|玫瑰金
KLNW013010,18K彩金项链 绚丽,女,K金,项链,已审核,是,0,18K,彩金
KLNW013009,甜蜜,女,K金,项链,已审核,是,0,18K,黄|白|玫瑰金
KLNW013008,缤纷,女,K金,项链,已审核,是,0,18K,黄|白|玫瑰金
KLNW013007,18K玫瑰金项链 灵动,女,K金,项链,已审核,是,0,18K,玫瑰金
KLNW013004,18K彩金项链 圆圆 黄珠仔,女,K金,项链,已审核,是,0,18K,彩金
KLNW013001,18K白金项链 肖邦链 16寸40-42CM,女,K金,项链,已审核,是,0,18K,白
KLNW013000,18K白金项链 玲珑,女,K金,项链,已审核,是,0,18K,白
KLNW012998,18K黄 项链 闪O字链   18寸43-45CM,女,K金,项链,已审核,是,0,18K,黄
KLNW012996,18K玫瑰金 项链 小闪O字链  18寸43-45CM,女,K金,项链,已审核,是,0,18K,玫瑰金
KLNW012995,18K白金项链 简约 闪O链  16寸42CM,女,K金,项链,已审核,是,0,18K,彩金
KLNW012994,18K白金项链 光耀 闪o链,女,K金,项链,已审核,是,0,18K,白
KLNW012992,18K白金 项链 光辉 双排立体瓦片链,女,K金,项链,已审核,是,0,18K,白
KLNX012991,18K白金项链 活泼,中性,K金,项链,已审核,是,0,18K,白
KLNW012990,18K玫瑰金项链 流连 双排立体瓦片链,女,K金,项链,已审核,是,0,18K,玫瑰金
KLNW012988,18K白金项链 低调美 ,女,K金,项链,已审核,是,0,18K,白
KLZW012973,18K金白色 大溪地黑珍珠耳坠 沉迷,女,珍珠,耳饰,已审核,是,0,18K|PT950,黄|白|玫瑰金
KLZW012972,白18K金 海水珍珠耳饰 秋水伊人,女,珍珠,耳饰,已审核,是,0,18K|PT950,黄|白|玫瑰金
KLPW012968,18K金黄色 群镶款  南洋海水金珍珠吊坠 南海回忆,女,珍珠,吊坠,已审核,是,0,18K|PT950,黄|白|玫瑰金
KLPW012967,凝聚的时光 天然海水珍珠吊坠,女,珍珠,吊坠,已审核,是,0,18K|PT950,黄|白|玫瑰金
KLPW012965,白18K金 海水珍珠吊坠 回眸,女,珍珠,吊坠,已审核,是,0,18K|PT950,黄|白|玫瑰金
KLZW012950,18K金白色 大溪地黑珍珠耳坠 咏爱,女,珍珠,耳饰,已审核,是,0,18K|PT950,黄|白|玫瑰金
KLOX012739,粗型闪o链,中性,配件,套装,已审核,是,0,18K|PT950,按图做
KLOX012737,低调美 40cm田字三行链,中性,配件,套装,已审核,是,0,18K|PT950,按图做
KLOX012736,光耀 45cm闪o链,中性,配件,套装,已审核,是,0,18K|PT950,按图做
KLOX012732,18K 黄金 盒子链  XL5118014NYY,中性,K金,套装,已审核,是,0,18K,黄
KLPW012684,珍简-水滴型,女,珍珠,吊坠,已审核,是,0,18K|PT950,黄|白|玫瑰金
KLPW012678,18K玫瑰金吊坠 玫瑰の恋,女,K金,吊坠,已审核,是,0,18K,玫瑰金
KLPW012677,18K白金吊坠 圈绕,女,K金,吊坠,已审核,是,0,18K,白
KLPW012676,18K彩金吊坠 蝶舞,女,K金,吊坠,已审核,是,0,18K,彩金
KLPW012675,18K玫瑰金吊坠 心动 ,女,K金,吊坠,已审核,是,0,18K,玫瑰金
KLZW012674,18K彩金耳坠 雅丽の爱,女,K金,耳饰,已审核,是,0,18K,彩金
KLZW012673,18K彩金耳坠 趣乐,女,K金,耳饰,已审核,是,0,18K,彩金
KLZW012672,18K玫瑰金耳坠 优雅の美,女,K金,耳饰,已审核,是,0,18K,玫瑰金
KLDW012671,珠圆玉润-玫瑰金色,女,K金,耳饰,已审核,是,0,18K,玫瑰金
KLDW012670,心の彼岸-白金,女,K金,耳饰,已审核,是,0,18K,黄|白|玫瑰金
KLDW012669,恋如心弦,女,K金,耳饰,已审核,是,0,18K,彩金
KLDW012668,唯恋,女,K金,耳饰,已审核,是,0,18K,黄|白|玫瑰金
KLDW012667,愉心,女,K金,耳饰,已审核,是,0,18K,彩金
KLDW012666,心如夏花,女,K金,耳饰,已审核,是,0,18K,彩金
KLDW012665,心心相扣,女,K金,耳饰,已审核,是,0,18K,彩金
KLDW012664,精简-玫瑰金,女,K金,耳饰,已审核,是,0,18K,玫瑰金
KLDW012663,小脚丫,女,K金,耳饰,已审核,是,0,18K,黄|白|玫瑰金
KLDW012662,心窝,女,K金,耳饰,已审核,是,0,18K,彩金
KLDW012661,快乐音符,女,K金,耳饰,已审核,是,0,18K,彩金
KLZW012660,听弦,女,K金,耳饰,已审核,是,0,18K,彩金
KLZW012658,18K彩金耳坠 梦想の乐,女,K金,耳饰,已审核,是,0,18K,彩金
KLZW012657,心花,女,K金,耳饰,已审核,是,0,18K,彩金
KLZW012655,幸运小花--已作废,女,K金,耳饰,已审核,是,0,18K,玫瑰黄|玫瑰白|黄白|分色|黄|白|玫瑰金|彩金
KLZW012654,18K玫瑰金耳钉 玫瑰恋,女,K金,耳饰,已审核,是,0,18K,玫瑰金
KLZW012653,婀娜,女,K金,耳饰,已审核,是,0,18K,玫瑰黄|玫瑰白|黄白|分色|黄|白|玫瑰金|彩金
KLZW012652,欢乐小环,女,K金,耳饰,已审核,是,0,18K,彩金
KLZW012649,简爱,女,K金,耳饰,已审核,是,0,18K,彩金
KLZW012648,18K彩金耳坠 璨爱,女,K金,耳饰,已审核,是,0,18K,彩金
KLPW012646,18K彩金吊坠 戏蝶,女,K金,吊坠,已审核,是,0,18K,彩金
KLPW012645,18K玫瑰金吊坠 萦心,女,K金,吊坠,已审核,是,0,18K,玫瑰金
KLPW012644,爱心小熊,女,K金,吊坠,已审核,是,0,18K,彩金
KLPW012643,蝶恋花,女,K金,吊坠,已审核,是,0,18K,彩金
KLPW012642,18K彩金吊坠 海の歌,女,K金,吊坠,已审核,是,0,18K,彩金
KLPW012641,18K彩金吊坠 娇逸,女,K金,吊坠,已审核,是,0,18K,彩金
KLDW012640,珠圆玉润-白金,女,K金,耳饰,已审核,是,0,18K,黄|白|玫瑰金
KLDW012639,简雅-白金,女,K金,耳饰,已审核,是,0,18K,黄|白|玫瑰金
KLDW012638,心の彼岸-玫瑰金,女,K金,耳饰,已审核,是,0,18K,黄|白|玫瑰金
KLDW012637,心飞翔,女,K金,耳饰,已审核,是,0,18K,彩金
KLDW012636,牵挂,女,K金,耳饰,已审核,是,0,18K,黄|白|玫瑰金
KLDW012635,心芽,女,K金,耳饰,已审核,是,0,18K,黄|白|玫瑰金
KLDW012634,绚丽星空,女,K金,耳饰,已审核,是,0,18K,彩金
KLDW012632,精简-白金,女,K金,耳饰,已审核,是,0,18K,黄|白|玫瑰金
KLDW012631,旋彩,女,K金,耳饰,已审核,是,0,18K,彩金
KLDW012630,18K白金耳钉 心の花,女,K金,耳饰,已审核,是,0,18K,白|黄|玫瑰金
KLPW012629,至心,女,K金,吊坠,已审核,是,0,18K,彩金
KLHW012627,绝雅佳人-舞动,女,K金,耳饰,已审核,是,0,18K,彩金
KLHW012626,绝雅佳人,女,K金,耳饰,已审核,是,0,18K,彩金
KLZW012623,丽雅佳人--已作废,女,K金,耳饰,已审核,是,0,18K,黄|白|玫瑰金
KLZW012621,18K彩金耳坠 叮当花,女,K金,耳饰,已审核,是,0,18K,黄|白|玫瑰金
KLZW012618,星愿,女,K金,耳饰,已审核,是,0,18K,黄|白|玫瑰金
KLZW012617,夏日风情,女,K金,耳饰,已审核,是,0,18K,黄|白|玫瑰金
KLPW012614,18K玫瑰金吊坠 醉心,女,K金,吊坠,已审核,是,0,18K,玫瑰黄|玫瑰白|黄白|分色|黄|白|玫瑰金
KLPW012613,蝶戏,女,K金,吊坠,已审核,是,0,18K,黄|白|玫瑰金
KLDW012602,心翼,女,K金,耳饰,已审核,是,0,18K,黄|白|玫瑰金
KLDW012598,18K玫瑰金耳钉 简雅,女,K金,耳饰,已审核,是,0,18K,玫瑰黄|玫瑰白|黄白|分色|黄|白|玫瑰金|彩金
KLPW012545,18K金白色 大溪地黑珍珠吊坠 情牵一线,女,珍珠,吊坠,已审核,是,0,18K|PT950,黄|白|玫瑰金
KLPX012544,黄金吊坠时来运转 转运金元宝 善缘,中性,K金,吊坠,已审核,是,0,18K,玫瑰黄|玫瑰白|黄白|分色|黄|白|玫瑰金|彩金
KLSX012543,18K彩金手链 乾隆通宝 ,中性,K金,手链,已审核,是,0,18K,彩金
KLPW012542,18K白金 群镶款钻石吊坠 心门之钥―星月,女,钻石,吊坠,已审核,是,0,18K|PT950,白|玫瑰金|黄|玫瑰白|玫瑰黄|黄白|分色
KLPW012509,时来运转佛,女,K金,吊坠,已审核,是,0,18K,彩金
KLPW012493,紫色魅惑,女,宝石,吊坠,已审核,是,0,18K|PT950,黄|白|玫瑰金
KLPW012491,福满满,女,宝石,吊坠,已审核,是,0,18K|PT950,黄|白|玫瑰金
KLPW012489,海螺之谜,女,宝石,吊坠,已审核,是,0,18K|PT950,玫瑰黄|玫瑰白|黄白|分色
KLPW012488,心叶美,女,宝石,吊坠,已审核,是,0,18K|PT950,玫瑰黄|玫瑰白|黄白|分色
KLPW012487,潘多拉之心,女,宝石,吊坠,已审核,是,0,18K|PT950,玫瑰黄|玫瑰白|黄白|分色
KLPW012486,情迷辛迪瑞拉-童话梦,女,宝石,吊坠,已审核,是,0,18K|PT950,玫瑰黄|玫瑰白|黄白|分色
KLPW012485,情迷辛迪瑞拉-化装舞会,女,宝石,吊坠,已审核,是,0,18K|PT950,黄|白|玫瑰金
KLPW012484,情迷辛迪瑞拉-交际花,女,宝石,吊坠,已审核,是,0,18K|PT950,玫瑰黄|玫瑰白|黄白|分色
KLPW012483,财源滚滚招财钱袋,女,宝石,吊坠,已审核,是,0,18K|PT950,玫瑰黄|玫瑰白|黄白|分色|黄|白|玫瑰金
KLPW012481,小池物语,女,宝石,吊坠,已审核,是,0,18K|PT950,玫瑰黄|玫瑰白|黄白|分色
KLPW012480,魔力钱袋之粉晶,女,宝石,吊坠,已审核,是,0,18K|PT950,玫瑰黄|玫瑰白|黄白|分色
KLPW012479,魔力钱袋之紫晶,女,宝石,吊坠,已审核,是,0,18K|PT950,黄|白|玫瑰金
KLPW012477,彩宝吊坠,女,宝石,吊坠,已审核,是,0,18K|PT950,玫瑰黄|玫瑰白|黄白|分色
KLPW012475,魔力包包之粉晶,女,宝石,吊坠,已审核,是,0,18K|PT950,玫瑰黄|玫瑰白|黄白|分色
KLPW012472,18k翡翠葫芦吊坠,女,宝石,吊坠,已审核,是,0,18K|PT950,玫瑰黄|玫瑰白|黄白|分色|黄|白|玫瑰金
KLNW012471,18K金  瓜子项链   白色   18寸43-45CM,女,K金,项链,已审核,是,0,18K,黄|白|玫瑰金
KLNW012470,18K白金 盒子链 18寸43-45CM,女,K金,项链,已审核,是,0,18K,黄|白|玫瑰金
KLNW012469,18K金 白色 嘴唇项链  18寸45CM,女,K金,项链,已审核,是,0,18K,黄|白|玫瑰金
KLOX012464,光辉 双排立体瓦片链18K金白色项链,中性,配件,套装,已审核,是,0,18K|PT950,按图做
KLOX012458,小套链tl0138006nrr,中性,配件,套装,已审核,是,0,18K|PT950,按图做
KLOX012457,小套链tl0838171nrr,中性,配件,套装,已审核,是,0,18K|PT950,按图做
KLOX012456,小套链tl0938043kyy,中性,配件,套装,已审核,是,0,18K|PT950,按图做
KLOX012455,小套链tl1238033nrr,中性,配件,套装,已审核,是,0,18K|PT950,按图做
KLOX012454,小套链tl0428054nww,中性,配件,套装,已审核,是,0,18K|PT950,按图做
KLOX012453,小套链tl0838155nry,中性,配件,套装,已审核,是,0,18K|PT950,按图做
KLOX012452,小套链tl0230004nry,中性,配件,套装,已审核,是,0,18K|PT950,按图做
KLOX012451,小套链tl0238003nry,中性,配件,套装,已审核,是,0,18K|PT950,按图做
KLOX012450,小套链tl0838188nrr,中性,配件,套装,已审核,是,0,18K|PT950,按图做
KLOX012449,小套链tl0938065nww,中性,配件,套装,已审核,是,0,18K|PT950,按图做
KLOX012448,小套链tl0948012nry,中性,配件,套装,已审核,是,0,18K|PT950,按图做
KLOX012447,小套链tl4538058nrr,中性,配件,套装,已审核,是,0,18K|PT950,按图做
KLOX012446,小套链tl0238028nry,中性,配件,套装,已审核,是,0,18K|PT950,按图做
KLOX012445,小套链tl0838187nrr,中性,配件,套装,已审核,是,0,18K|PT950,按图做
KLOX012444,小套链tl0848015nrr,中性,配件,套装,已审核,是,0,18K|PT950,按图做
KLOX012443,小套链 tl0238014nry,中性,配件,套装,已审核,是,0,18K|PT950,按图做
KLOX012442,小套链tl0848009nrr,中性,配件,套装,已审核,是,0,18K|PT950,按图做
KLOX012441,小套链 tl9928001g3c,中性,配件,套装,已审核,是,0,18K|PT950,按图做
KLOX012440,小套链tl1538001nrr,中性,配件,套装,已审核,是,0,18K|PT950,按图做
KLOX012439,小套链,中性,配件,套装,已审核,是,0,18K|PT950,按图做
KLOX012438,小套链tl0838050nrr,中性,配件,套装,已审核,是,0,18K|PT950,按图做
KLOX012437,小套链tl1538007nrr,中性,配件,套装,已审核,是,0,18K|PT950,按图做
KLOX012436,小套链 tl0938064nrw,中性,配件,套装,已审核,是,0,18K|PT950,按图做
KLOX012435,小套链 tl0838046kyy013,中性,配件,套装,已审核,是,0,18K|PT950,按图做
KLNW012434,小套链,女,K金,项链,已审核,是,0,18K,玫瑰黄|玫瑰白|黄白|分色|黄|白|玫瑰金|彩金
KLPW012429,吊坠,女,钻石,吊坠,已审核,是,0,18K|PT950,白|玫瑰金|黄|玫瑰白|玫瑰黄|黄白|分色
KLPW012427,吊坠,女,钻石,吊坠,已审核,是,0,18K|PT950,白|玫瑰金|黄|玫瑰白|玫瑰黄|黄白|分色
KLPW012424,吊坠,女,钻石,吊坠,已审核,是,0,18K|PT950,白|玫瑰金|黄|玫瑰白|玫瑰黄|黄白|分色
KLPW012423,吊坠,女,钻石,吊坠,已审核,是,0,18K|PT950,白|玫瑰金|黄|玫瑰白|玫瑰黄|黄白|分色
KLPW012422,18K白金 钻石吊坠 心门之钥―雏菊,女,钻石,吊坠,已审核,是,0,18K|PT950,白|玫瑰金|黄|玫瑰白|玫瑰黄|黄白|分色
KLPW012420,18K白金 钻石吊坠 花之精灵―悦动,女,钻石,吊坠,已审核,是,0,18K|PT950,白|玫瑰金|黄|玫瑰白|玫瑰黄|黄白|分色
KLPW012419,吊坠,女,钻石,吊坠,已审核,是,0,18K|PT950,白|玫瑰金|黄|玫瑰白|玫瑰黄|黄白|分色
KLPW012418,吊坠,女,钻石,吊坠,已审核,是,0,18K|PT950,白|玫瑰金|黄|玫瑰白|玫瑰黄|黄白|分色
KLPW012415,吊坠,女,钻石,吊坠,已审核,是,0,18K|PT950,白|玫瑰金|黄|玫瑰白|玫瑰黄|黄白|分色
KLPW012413,吊坠,女,钻石,吊坠,已审核,是,0,18K|PT950,白|玫瑰金|黄|玫瑰白|玫瑰黄|黄白|分色
KLPW012412,爱的小熊,女,钻石,吊坠,已审核,是,0,18K|PT950,白|玫瑰金|黄|玫瑰白|玫瑰黄|黄白|分色
KLPW012411,吊坠,女,钻石,吊坠,已审核,是,0,18K|PT950,白|玫瑰金|黄|玫瑰白|玫瑰黄|黄白|分色
KLPW012409,吊坠,女,钻石,吊坠,已审核,是,0,18K|PT950,白|玫瑰金|黄|玫瑰白|玫瑰黄|黄白|分色
KLOX012408,婉约 白侧身链,中性,配件,套装,已审核,是,0,18K|PT950,按图做
KLPW012407,男孩女孩-女,女,钻石,吊坠,已审核,是,0,18K|PT950,白|玫瑰金|黄|玫瑰白|玫瑰黄|黄白|分色
KLPW012406,亭亭玉立,女,钻石,吊坠,已审核,是,0,18K|PT950,白|玫瑰金|黄|玫瑰白|玫瑰黄|黄白|分色
KLPW012405,心门之锁-鸢尾,女,钻石,吊坠,已审核,是,0,18K|PT950,白|玫瑰金|黄|玫瑰白|玫瑰黄|黄白|分色
KLPW012404,吊坠 ,女,钻石,吊坠,已审核,是,0,18K|PT950,白|玫瑰金|黄|玫瑰白|玫瑰黄|黄白|分色
KLPW012397,Q版十字,女,钻石,吊坠,已审核,是,0,18K|PT950,白|玫瑰金|黄|玫瑰白|玫瑰黄|黄白|分色
KLPW012396,心门之钥-曼妙,女,钻石,吊坠,已审核,是,0,18K|PT950,白|玫瑰金|黄|玫瑰白|玫瑰黄|黄白|分色
KLPW012395,吊坠,女,钻石,吊坠,已审核,是,0,18K|PT950,白|玫瑰金|黄|玫瑰白|玫瑰黄|黄白|分色
KLPW012394,吊坠,女,钻石,吊坠,已审核,是,0,18K|PT950,白|玫瑰金|黄|玫瑰白|玫瑰黄|黄白|分色
KLDW012379,耳钉,女,钻石,耳饰,已审核,是,0,18K|PT950,白|玫瑰金|黄|玫瑰白|玫瑰黄|黄白|分色
KLDW012376,耳钉,女,钻石,耳饰,已审核,是,0,18K|PT950,白|玫瑰金|黄|玫瑰白|玫瑰黄|黄白|分色
KLPW012371,吊坠,女,钻石,吊坠,已审核,是,0,18K|PT950,白|玫瑰金|黄|玫瑰白|玫瑰黄|黄白|分色
KLPW012370,吊坠,女,钻石,吊坠,已审核,是,0,18K|PT950,白|玫瑰金|黄|玫瑰白|玫瑰黄|黄白|分色
KLPW012369,吊坠,女,钻石,吊坠,已审核,是,0,18K|PT950,白|玫瑰金|黄|玫瑰白|玫瑰黄|黄白|分色
KLPW012365,吊坠,女,钻石,吊坠,已审核,是,0,18K|PT950,白|玫瑰金|黄|玫瑰白|玫瑰黄|黄白|分色
KLPW012361,时光之匕,女,钻石,吊坠,已审核,是,0,18K|PT950,白|玫瑰金|黄|玫瑰白|玫瑰黄|黄白|分色
KLPW012360,男孩女孩-男,女,钻石,吊坠,已审核,是,0,18K|PT950,白|玫瑰金|黄|玫瑰白|玫瑰黄|黄白|分色
KLOX012334,花样年华 心珍珠,中性,配件,套装,已审核,是,0,18K|PT950,按图做
KLOX012331,灵动 新款立体瓦片,中性,配件,套装,已审核,是,0,18K|PT950,按图做
KLOX012330,圆圆 黄珠仔,中性,配件,套装,已审核,是,0,18K|PT950,按图做
KLOX012329,自信美 蛇骨链,中性,配件,套装,已审核,是,0,18K|PT950,按图做
KLOX012328,活力无限 蛇骨链 ,中性,配件,套装,已审核,是,0,18K|PT950,按图做
KLOX012327,张扬 蛇骨链,中性,配件,套装,已审核,是,0,18K|PT950,按图做
KLOX012326,简约 闪o链,中性,配件,套装,已审核,是,0,18K|PT950,按图做
KLOX012325,小套链 tl0948016k3c,中性,配件,套装,已审核,是,0,18K|PT950,按图做
KLOX012324,微妙 钻石盒仔链,中性,配件,套装,已审核,是,0,18K|PT950,按图做
KLOX012323,活泼 珠仔链,中性,配件,套装,已审核,是,0,18K|PT950,按图做
KLOX012322,流连 双排立体瓦片链,中性,配件,套装,已审核,是,0,18K|PT950,按图做
KLOX012321,波澜  水波间片链,中性,配件,套装,已审核,是,0,18K|PT950,按图做
KLOX012319,小套链tl0238039nry,中性,配件,套装,已审核,是,0,18K|PT950,按图做
KLOX012318,小套链 tl2628026n3c,中性,配件,套装,已审核,是,0,18K|PT950,按图做
KLOX012317,小套链 tl1238057nry,中性,配件,套装,已审核,是,0,18K|PT950,按图做
KLOX012316,小套链 tl2028240n3c,中性,配件,套装,已审核,是,0,18K|PT950,按图做
KLOX012315,小套链tl0838179nrr,中性,配件,套装,已审核,是,0,18K|PT950,按图做
KLOX012314,低调美 田字三行链子,中性,配件,套装,已审核,是,0,18K|PT950,按图做
KLOX012313,小套链 tl0828072N3C,中性,配件,套装,已审核,是,0,18K|PT950,按图做
KLOX012312,曼妙 细扭绳链,中性,配件,套装,已审核,是,0,18K|PT950,按图做
KLOX012311,律动 疏肖邦,中性,配件,套装,已审核,是,0,18K|PT950,按图做
KLOX012310,小套链 tl0228017n3c,中性,配件,套装,已审核,是,0,18K|PT950,按图做
KLOX012309,抽象美 珍珠链,中性,配件,套装,已审核,是,0,18K|PT950,按图做
KLOX012308,淡然 12面批盒仔,中性,配件,套装,已审核,是,0,18K|PT950,按图做
KLOX012307,深意 车花空心椭圆,中性,配件,套装,已审核,是,0,18K|PT950,按图做
KLOX012306,古典 方肖邦,中性,配件,套装,已审核,是,0,18K|PT950,按图做
KLOX012305,六角间柱 xl9825101nww,中性,配件,套装,已审核,是,0,18K|PT950,按图做
KLOX012304,花之恋 车花方块链,中性,配件,套装,已审核,是,0,18K|PT950,按图做
KLOX012303,相汇,中性,配件,套装,已审核,是,0,18K|PT950,按图做
KLOX012302,玫瑰之恋 十字链,中性,配件,套装,已审核,是,0,18K|PT950,按图做
KLOX012301,相映 日字链,中性,配件,套装,已审核,是,0,18K|PT950,按图做
KLOX012300,朴素 闪o链,中性,配件,套装,已审核,是,0,18K|PT950,按图做
KLOX012299,绚丽 双闪o链,中性,配件,套装,已审核,是,0,18K|PT950,按图做
KLOX012298,缤纷 压花双排立体瓦片链,中性,配件,套装,已审核,是,0,18K|PT950,按图做
KLOX012297,心连心 肖邦链,中性,配件,套装,已审核,是,0,18K|PT950,按图做
KLOX012296,淡雅 半肖邦链,中性,配件,套装,已审核,是,0,18K|PT950,按图做
KLPW012281,时来运转 浓情玫瑰 ,女,K金,吊坠,已审核,是,0,18K,彩金
KLOX012078,素雅 日字链,中性,配件,套装,已审核,是,0,18K|PT950,按图做
KLPW011669,kgold吊坠,女,K金,吊坠,已审核,是,0,18K,玫瑰黄|玫瑰白|黄白|分色|黄|白|玫瑰金|彩金
KLPW011668,kgold吊坠,女,K金,吊坠,已审核,是,0,18K,彩金
KLOX011603,盒仔间镭射柱,中性,配件,套装,已审核,是,0,18K|PT950,按图做
KLOX011602,18k白 批日字链,中性,K金,套装,已审核,是,0,18K,白
KLOX011601,18k 肖邦链,中性,K金,套装,已审核,是,0,18K,黄|白|玫瑰金
KLOX011600,项链1,中性,配件,套装,已审核,是,0,18K|PT950,按图做
KLOX011599,18k彩金 肖邦链,中性,K金,套装,已审核,是,0,18K,彩金
KLOX011598,悠然 肖邦链,中性,配件,套装,已审核,是,0,18K|PT950,按图做
KLOX011597,白18k金 元宝链,中性,K金,套装,已审核,是,0,18K,白
KLOX011595,18k彩金闪o,中性,K金,套装,已审核,是,0,18K,彩金
KLPW011593,G弦上的叹咏调,女,钻石,吊坠,已审核,是,0,18K|PT950,白|玫瑰金|黄|玫瑰白|玫瑰黄|黄白|分色
KLPW011592,缤纷,女,宝石,吊坠,已审核,是,0,18K|PT950,黄|白|玫瑰金
KLPW011590,夜歌,女,钻石,吊坠,已审核,是,0,18K|PT950,白|玫瑰金|黄|玫瑰白|玫瑰黄|黄白|分色
KLPW011589,爱的大游行-后现代,女,宝石,吊坠,已审核,是,0,18K|PT950,黄|白|玫瑰金
KLPW011587,春光烂漫,女,钻石,吊坠,已审核,是,0,18K|PT950,白|玫瑰金|黄|玫瑰白|玫瑰黄|黄白|分色
KLPW011586,18K白金 1分/0.01ct 钻石吊坠 光明蛱蝶,女,宝石,吊坠,已审核,是,0,18K|PT950,黄|白|玫瑰金
KLPW011585,光明凤尾蝶,女,宝石,吊坠,已审核,是,0,18K|PT950,黄|白|玫瑰金
KLPW011584,黑暗天使,女,宝石,吊坠,已审核,是,0,18K|PT950,白
KLPW011578,泡泡恋曲,女,钻石,吊坠,已审核,是,0,18K|PT950,白|玫瑰金|黄|玫瑰白|玫瑰黄|黄白|分色
KLPW011576,18K白金 25分/0.25ct 群镶款钻石吊坠 雅致,女,钻石,吊坠,已审核,是,0,18K|PT950,白|玫瑰金|黄|玫瑰白|玫瑰黄|黄白|分色
KLDW011574,定怡,女,钻石,耳饰,已审核,是,0,18K|PT950,白|玫瑰金|黄|玫瑰白|玫瑰黄|黄白|分色
KLPW011570,锁链,女,钻石,吊坠,已审核,是,0,18K|PT950,白|玫瑰金|黄|玫瑰白|玫瑰黄|黄白|分色
KLPW011566,星光回忆,女,钻石,吊坠,已审核,是,0,18K|PT950,白|玫瑰金|黄|玫瑰白|玫瑰黄|黄白|分色
KLPW011565,桃花梦,女,钻石,吊坠,已审核,是,0,18K|PT950,白|玫瑰金|黄|玫瑰白|玫瑰黄|黄白|分色
KLPW011563,蝴蝶倒影,女,钻石,吊坠,已审核,是,0,18K|PT950,白|玫瑰金|黄|玫瑰白|玫瑰黄|黄白|分色
KLDW011562,星光,女,钻石,耳饰,已审核,是,0,18K|PT950,白|玫瑰金|黄|玫瑰白|玫瑰黄|黄白|分色
KLPW011556,心旅,女,钻石,吊坠,已审核,是,0,18K|PT950,白|玫瑰金|黄|玫瑰白|玫瑰黄|黄白|分色
KLPW011553,圆舞曲,女,钻石,吊坠,已审核,是,0,18K|PT950,白|玫瑰金|黄|玫瑰白|玫瑰黄|黄白|分色
KLPW011551,小步舞曲,女,钻石,吊坠,已审核,是,0,18K|PT950,白|玫瑰金|黄|玫瑰白|玫瑰黄|黄白|分色
KLPW011542,他和她,女,钻石,吊坠,已审核,是,0,18K|PT950,白|玫瑰金|黄|玫瑰白|玫瑰黄|黄白|分色
KLOX011532,18k彩金嘴唇链,中性,K金,套装,已审核,是,0,18K,彩金
KLPW011526,18k玫瑰金紫晶吊坠,女,宝石,吊坠,已审核,是,0,18K|PT950,彩金
KLPW011523,18k玫瑰金紫晶吊坠,女,宝石,吊坠,已审核,是,0,18K|PT950,彩金
KLPW011522,18k玫瑰金紫晶吊坠,女,宝石,吊坠,已审核,是,0,18K|PT950,彩金
KLPW011519,18k玫瑰金紫晶吊坠,女,宝石,吊坠,已审核,是,0,18K|PT950,彩金
KLPW011518,18k玫瑰金芙蓉石吊坠,女,宝石,吊坠,已审核,是,0,18K|PT950,彩金
KLPW011515,白18k金托帕石吊坠,女,宝石,吊坠,已审核,是,0,18K|PT950,彩金
KLPW011511,18k黄黄晶吊坠,女,宝石,吊坠,已审核,是,0,18K|PT950,彩金
KLPW011510,18k黄黄晶吊坠,女,宝石,吊坠,已审核,是,0,18K|PT950,彩金
KLPW011508,18k玫瑰金葡萄石吊坠,女,宝石,吊坠,已审核,是,0,18K|PT950,彩金
KLPW011505,18k葡萄石吊坠,女,宝石,吊坠,已审核,是,0,18K|PT950,彩金
KLPW011472,18K玫瑰金心形粉水晶 芙蓉石吊坠 心唯一,女,宝石,吊坠,已审核,是,0,18K|PT950,玫瑰黄|玫瑰白|黄白|分色
KLOX011471,18k肥瓦片,中性,K金,套装,已审核,是,0,18K,白
KLOX011470,四方瓦片,中性,配件,套装,已审核,是,0,18K|PT950,按图做
KLOX011468,拉长闪0,中性,配件,套装,已审核,是,0,18K|PT950,按图做
KLOX011467,拉长方o,中性,配件,套装,已审核,是,0,18K|PT950,按图做
KLOX011466,18k彩金8字项链,中性,K金,套装,已审核,是,0,18K,彩金
KLOX011465,18k彩金显小双排立体瓦片45,中性,K金,套装,已审核,是,0,18K,彩金
KLOX011464,18k彩金双排立体瓦片45,中性,K金,套装,已审核,是,0,18K,彩金
KLOX011463,18k彩金四方日字项链 39,中性,K金,套装,已审核,是,0,18K,彩金
KLOX011462,18k平面瓦片链  45,中性,K金,套装,已审核,是,0,18K,彩金
KLOX011461,18k彩金水波间片  39,中性,K金,套装,已审核,是,0,18K,彩金
KLOX011460,戴高乐18k白  39,中性,配件,套装,已审核,是,0,18K|PT950,按图做
KLOX011459,彩金水波纹项链 39cm,中性,配件,套装,已审核,是,0,18K|PT950,按图做
KLNW011438,心语 18k金大溪地黑珍珠吊坠,女,珍珠,项链,已审核,是,0,18K|PT950,黄|白|玫瑰金
KLPW011434,S925银 大溪地黑珍珠吊坠 陨落之心,女,珍珠,吊坠,已审核,是,0,18K|PT950,黄|白|玫瑰金
KLDW011426,S925银 海水珍珠耳钉 冰滢,女,珍珠,耳饰,已审核,是,0,18K|PT950,黄|白|玫瑰金
KLNW011425,PT950铂金项链 扭片链 ,女,PT,项链,已审核,是,0,PT950,白
KLNW011401,PT950铂金项链 瓜子链   16寸40-42CM,女,PT,项链,已审核,是,0,PT950,白
KLNW011400,PT950铂金项链 元宝链  16寸40-42CM,女,PT,项链,已审核,是,0,PT950,白
KLPW011364,爱之生命,女,珍珠,吊坠,已审核,是,0,18K|PT950,黄|白|玫瑰金
KLPW011340,18K白金 钻石吊坠 兔小美,女,钻石,吊坠,已审核,是,0,18K|PT950,白|玫瑰金|黄|玫瑰白|玫瑰黄|黄白|分色
KLRW011326,珂兰钻石 18K白金钻石戒指 光灿,女,钻石,女戒,已审核,是,0,18K|PT950,分色|玫瑰金|黄|白
KLNW011315,白18K金 海水珍珠套链  一生一世,女,珍珠,项链,已审核,是,0,18K|PT950,黄|白|玫瑰金
KLPW011293,18K彩金吊坠 轻舞,女,K金,吊坠,已审核,是,0,18K,彩金
KLDW011290,18K玫瑰金耳钉 魅力,女,K金,耳饰,已审核,是,0,18K,玫瑰黄|玫瑰白|黄白|分色|黄|白|玫瑰金|彩金
KLDW011289,18K彩金耳钉 爱怀,女,K金,耳饰,已审核,是,0,18K,彩金
KLPW011288,18K白金吊坠 心愿,女,K金,吊坠,已审核,是,0,18K,黄|白|玫瑰金
KLDW011285,耀眼,女,K金,耳饰,已审核,是,0,18K,玫瑰黄|玫瑰白|黄白|分色|黄|白|玫瑰金|彩金
KLZW011284,流星雨--已作废,女,K金,耳饰,已审核,是,0,18K,彩金
KLPW011283,18K彩金吊坠 信仰,女,K金,吊坠,已审核,是,0,18K,彩金
KLPW011281,18K玫瑰金吊坠 蝶衣,女,K金,吊坠,已审核,是,0,18K,玫瑰黄|玫瑰白|黄白|分色|黄|白|玫瑰金|彩金
KLZW011280,孔雀公主,女,K金,耳饰,已审核,是,0,18K,彩金
KLZW011277,串起的幸福,女,K金,耳饰,已审核,是,0,18K,玫瑰黄|玫瑰白|黄白|分色|黄|白|玫瑰金|彩金
KLDW011274,约定,女,K金,耳饰,已审核,是,0,18K,彩金
KLDW011273,18K彩金耳钉 倾听,女,K金,耳饰,已审核,是,0,18K,彩金
KLPW011272,LOVEの匙,女,K金,吊坠,已审核,是,0,18K,玫瑰黄|玫瑰白|黄白|分色|黄|白|玫瑰金|彩金
KLPW011271,雪之舞,女,K金,吊坠,已审核,是,0,18K,彩金
KLDW011270,心花,女,K金,耳饰,已审核,是,0,18K,彩金
KLDW011267,独特,女,K金,耳饰,已审核,是,0,18K,彩金
KLSW011261,凝结永恒,女,K金,手链,已审核,是,0,18K,彩金
KLSW011260,缠绵相依,女,K金,手链,已审核,是,0,18K,彩金
KLDW011257,18K玫瑰金耳钉 心爱,女,K金,耳饰,已审核,是,0,18K,玫瑰黄|玫瑰白|黄白|分色|黄|白|玫瑰金|彩金
KLDW011255,爱的乐章,女,K金,耳饰,已审核,是,0,18K,彩金
KLDW011253,18K彩金耳钉 追梦,女,K金,耳饰,已审核,是,0,18K,彩金
KLZW011246,18K金白色 大溪地黑珍珠耳坠 蝶舞心菲,女,珍珠,耳饰,已审核,是,0,18K|PT950,黄|白|玫瑰金
KLZW011245,白18K金 海水珍珠耳坠 简约主义,女,珍珠,耳饰,已审核,是,0,18K|PT950,黄|白|玫瑰金
KLPW011242,凤凰吊坠(胸针),女,珍珠,吊坠,已审核,是,0,18K|PT950,玫瑰黄|玫瑰白|黄白|分色
KLPW011234,18K金黄色 群镶款 南洋海水金珍珠吊坠 缤纷华彩,女,珍珠,吊坠,已审核,是,0,18K|PT950,黄|白|玫瑰金
KLPW011233,漫步云端 11-12mm南洋金珍珠吊坠,女,珍珠,吊坠,已审核,是,0,18K|PT950,黄|白|玫瑰金
KLPW011232,金露 11-12mm南洋金珍珠吊坠,女,珍珠,吊坠,已审核,是,0,18K|PT950,黄|白|玫瑰金
KLPW011230,18K金黄色 南洋海水金珍珠吊坠 焕彩,女,珍珠,吊坠,已审核,是,0,18K|PT950,黄|白|玫瑰金
KLPW011229,18K金黄色 南洋海水金珍珠吊坠 爱之冕,女,珍珠,吊坠,已审核,是,0,18K|PT950,黄|白|玫瑰金
KLPW011228,18K金黄色  群镶款 南洋海水金珍珠吊坠 安妮的仙境,女,珍珠,吊坠,已审核,是,0,18K|PT950,黄|白|玫瑰金
KLPW011227,18K黄金黄色 海水珍珠吊坠 明媚伊人,女,珍珠,吊坠,已审核,是,0,18K|PT950,黄|白|玫瑰金
KLHW011224,18K黄金黄色  群镶款 海水珍珠耳饰 恒爱,女,珍珠,耳饰,已审核,是,0,18K|PT950,黄|白|玫瑰金
KLPW011212,静雅 大溪地黑珍珠吊坠,女,珍珠,吊坠,已审核,是,0,18K|PT950,黄|白|玫瑰金
KLPW011211,18K金白色 大溪地黑珍珠吊坠 纯美,女,珍珠,吊坠,已审核,是,0,18K|PT950,黄|白|玫瑰金
KLPW011210,18K金白色 大溪地黑珍珠吊坠 甜蜜樱桃 ,女,珍珠,吊坠,已审核,是,0,18K|PT950,黄|白|玫瑰金
KLPW011209,18K金白色 大溪地黑珍珠吊坠 蝶舞,女,珍珠,吊坠,已审核,是,0,18K|PT950,黄|白|玫瑰金
KLPW011208,心恋 大溪地黑珍珠吊坠,女,珍珠,吊坠,已审核,是,0,18K|PT950,黄|白|玫瑰金
KLPW011207,扣心弦 大溪地珍珠吊坠,女,珍珠,吊坠,已审核,是,0,18K|PT950,黄|白|玫瑰金
KLPW011206,18K金白色 大溪地黑珍珠吊坠 夏花,女,珍珠,吊坠,已审核,是,0,18K|PT950,黄|白|玫瑰金
KLPW011205,花絮 大溪地黑珍珠吊坠,女,珍珠,吊坠,已审核,是,0,18K|PT950,黄|白|玫瑰金
KLPW011204,18K金白色 大溪地黑珍珠吊坠 灵动,女,珍珠,吊坠,已审核,是,0,18K|PT950,黄|白|玫瑰金
KLPW011203,18K金白色 大溪地黑珍珠吊坠 春季,女,珍珠,吊坠,已审核,是,0,18K|PT950,黄|白|玫瑰金
KLPW011202,18K金白色 大溪地黑珍珠吊坠 异域迷情,女,珍珠,吊坠,已审核,是,0,18K|PT950,黄|白|玫瑰金
KLPW011201,18K黄金黄色 海水珍珠吊坠 牵挽,女,珍珠,吊坠,已审核,是,0,18K|PT950,黄|白|玫瑰金
KLPW011200,18K金黄色  海水珍珠吊坠 甜蜜樱桃,女,珍珠,吊坠,已审核,是,0,18K|PT950,黄|白|玫瑰金
KLHW011174,k金耳环-4.5mm,女,K金,耳饰,已审核,是,0,18K,玫瑰黄|玫瑰白|黄白|分色|黄|白|玫瑰金|彩金
KLOX011173,光辉 双排立体瓦片链 ,中性,配件,套装,已审核,是,0,18K|PT950,按图做
KLOX011150,盒仔链,中性,配件,套装,已审核,是,0,18K|PT950,按图做
KLPW011144,18K金白色 群镶款 大溪地珍珠吊坠 月光之子,女,珍珠,吊坠,已审核,是,0,18K|PT950,黄|白|玫瑰金
KLPW011139,珍珠,女,珍珠,吊坠,已审核,是,0,18K|PT950,黄|白|玫瑰金
KLPW011136,珍珠吊坠,女,珍珠,吊坠,已审核,是,0,18K|PT950,黄|白|玫瑰金
KLPW011130,18K金白色 大溪地黑珍珠吊坠 流光飞舞,女,珍珠,吊坠,已审核,是,0,18K|PT950,黄|白|玫瑰金
KLNW011110,黄18K金 海水珍珠项链 凝香,女,珍珠,项链,已审核,是,0,18K|PT950,黄|白|玫瑰金
KLZW011109,18K彩金耳坠 流金溢彩,女,K金,耳饰,已审核,是,0,18K,彩金
KLHW011093,18K金白色 大溪地黑珍珠耳坠 耳环花语,女,珍珠,耳饰,已审核,是,0,18K|PT950,黄|白|玫瑰金
KLDW011092,18K金白色 群镶款 大溪地黑珍珠耳钉 圆梦,女,珍珠,耳饰,已审核,是,0,18K|PT950,黄|白|玫瑰金
KLHW011091,生命绿光 10-11mm大溪地黑珍珠耳饰,女,珍珠,耳饰,已审核,是,0,18K|PT950,黄|白|玫瑰金
KLDW011090,18K金白色 群镶款 大溪地黑珍珠耳饰 婀娜,女,珍珠,耳饰,已审核,是,0,18K|PT950,黄|白|玫瑰金
KLHW011089,素雅 大溪地黑珍珠耳饰 耳环,女,珍珠,耳饰,已审核,是,0,18K|PT950,黄|白|玫瑰金
KLPW011085,18K金黄色 海水珍珠吊坠 简约,女,珍珠,吊坠,已审核,是,0,18K|PT950,黄|白|玫瑰金
KLPW011084,白18K金 天然海水珍珠吊坠 心悦,女,珍珠,吊坠,已审核,是,0,18K|PT950,黄|白|玫瑰金
KLPW011083,纯洁 海水白珍珠吊坠  ,女,珍珠,吊坠,已审核,是,0,18K|PT950,黄|白|玫瑰金
KLPW011082,18K金白色 大溪地黑珍珠吊坠 驿动,女,珍珠,吊坠,已审核,是,0,18K|PT950,黄|白|玫瑰金
KLPW011081,18K金白色 大溪地黑珍珠吊坠 飞扬,女,珍珠,吊坠,已审核,是,0,18K|PT950,黄|白|玫瑰金
KLPW011080,18K金白色 大溪地黑珍珠吊坠 圆舞曲之恋,女,珍珠,吊坠,已审核,是,0,18K|PT950,黄|白|玫瑰金
KLPW011079,18K金白色 群镶款 大溪地黑珍珠吊坠 相思叶 ,女,珍珠,吊坠,已审核,是,0,18K|PT950,黄|白|玫瑰金
KLPW011078,18K金白色 大溪地黑珍珠吊坠 心相扣,女,珍珠,吊坠,已审核,是,0,18K|PT950,黄|白|玫瑰金
KLPW011077,18K金白色 大溪地黑珍珠吊坠 吊坠心语,女,珍珠,吊坠,已审核,是,0,18K|PT950,黄|白|玫瑰金
KLPW011076,18K金黄色 群镶款 南洋海水金珍珠吊坠  金色年华,女,珍珠,吊坠,已审核,是,0,18K|PT950,黄|白|玫瑰金
KLPW011075,珍简,女,珍珠,吊坠,已审核,是,0,18K|PT950,黄|白|玫瑰金
KLDW011032,金18K珍珠耳钉-657,女,珍珠,耳饰,已审核,是,0,18K|PT950,黄|白|玫瑰金
KLDW011031,金18K珍珠耳钉-775,女,珍珠,耳饰,已审核,是,0,18K|PT950,黄|白|玫瑰金
KLDW011030,金18K珍珠耳钉-995,女,珍珠,耳饰,已审核,是,0,18K|PT950,黄|白|玫瑰金
KLDW011029,金18K珍珠耳钉-758,女,珍珠,耳饰,已审核,是,0,18K|PT950,黄|白|玫瑰金
KLDW011028,白18K金 海水珍珠耳钉 蝶梦,女,珍珠,耳饰,已审核,是,0,18K|PT950,黄|白|玫瑰金
KLHW011027,尚美,女,珍珠,耳饰,已审核,是,0,18K|PT950,黄|白|玫瑰金
KLHW011026,叶芬芳 8-8.5mm天然海水珍珠耳饰 耳吊,女,珍珠,耳饰,已审核,是,0,18K|PT950,黄|白|玫瑰金
KLHW011025,格调 8-8.5mm天然海水珍珠耳饰 耳坠,女,珍珠,耳饰,已审核,是,0,18K|PT950,黄|白|玫瑰金
KLPW011024,白18K金 天然海水珍珠吊坠 雨露,女,珍珠,吊坠,已审核,是,0,18K|PT950,黄|白|玫瑰金
KLPW011023,简美 8.5-9mm海水白珍珠吊坠,女,珍珠,吊坠,已审核,是,0,18K|PT950,黄|白|玫瑰金
KLDW011015,自然之韵 大溪地黑珍珠耳饰 耳钉,女,珍珠,耳饰,已审核,是,0,18K|PT950,黄|白|玫瑰金
KLPW011014,18K金白色 大溪地黑珍珠吊坠 心宠 ,女,珍珠,吊坠,已审核,是,0,18K|PT950,黄|白|玫瑰金
KLPW011013,18K金白色 大溪地黑珍珠吊坠 骄人,女,珍珠,吊坠,已审核,是,0,18K|PT950,黄|白|玫瑰金
KLPW011012,追忆 大溪地黑珍珠吊坠,女,珍珠,吊坠,已审核,是,0,18K|PT950,黄|白|玫瑰金
KLPW011010,18K金白色 大溪地黑珍珠吊坠 心心相依 ,女,珍珠,吊坠,已审核,是,0,18K|PT950,黄|白|玫瑰金
KLPW011009,叶涟心 大溪地黑珍珠吊坠,女,珍珠,吊坠,已审核,是,0,18K|PT950,黄|白|玫瑰金
KLHW011008,18K金白色 大溪地黑珍珠耳坠 柳叶繁星,女,珍珠,耳饰,已审核,是,0,18K|PT950,黄|白|玫瑰金
KLPW011007,月宫,女,宝石,吊坠,已审核,是,0,18K|PT950,玫瑰黄|玫瑰白|黄白|分色
KLPW011006,听爱,女,宝石,吊坠,已审核,是,0,18K|PT950,黄|白|玫瑰金
KLPW011004,俏丫头,女,宝石,吊坠,已审核,是,0,18K|PT950,黄|白|玫瑰金
KLRW011003,荷花戒指-dbox,女,其它,女戒,已审核,是,0,18K|PT950,分色|玫瑰金|黄|白
KLDW010946,金18K珍珠耳钉,女,珍珠,耳饰,已审核,是,0,18K|PT950,黄|白|玫瑰金
KLHW010943,丝丝心动,女,珍珠,耳饰,已审核,是,0,18K|PT950,黄|白|玫瑰金
KLPW010941,相逢（金珠）,女,珍珠,吊坠,已审核,是,0,18K|PT950,黄|白|玫瑰金
KLPW010940,心恋,女,珍珠,吊坠,已审核,是,0,18K|PT950,黄|白|玫瑰金
KLPW010939,18K金白色 大溪地黑珍珠吊坠 浪之舞,女,珍珠,吊坠,已审核,是,0,18K|PT950,黄|白|玫瑰金
KLHW010938,耳畔流光   黑珍珠耳环,女,珍珠,耳饰,已审核,是,0,18K|PT950,黄|白|玫瑰金
KLHW010936,18K金黄色 海水珍珠耳坠 珍爱,女,珍珠,耳饰,已审核,是,0,18K|PT950,黄|白|玫瑰金
KLHW010935,耳畔雅韵,女,珍珠,耳饰,已审核,是,0,18K|PT950,黄|白|玫瑰金
KLDW010933,简爱 18k金海水珍珠 ,女,珍珠,耳饰,已审核,是,0,18K|PT950,黄|白|玫瑰金
KLDW010931,金18K珍珠耳钉,女,珍珠,耳饰,已审核,是,0,18K|PT950,黄|白|玫瑰金
KLDW010925,白18K金 海水珍珠耳钉 念亲恩,女,珍珠,耳饰,已审核,是,0,18K|PT950,黄|白|玫瑰金
KLDW010899,18K金白色 大溪地黑珍珠耳饰 叶之韵,女,珍珠,耳饰,已审核,是,0,18K|PT950,黄|白|玫瑰金
KLPW010898,三叶草,女,珍珠,吊坠,已审核,是,0,18K|PT950,黄|白|玫瑰金
KLDW010897,18K金白色 大溪地黑珍珠耳坠 比翼天使,女,珍珠,耳饰,已审核,是,0,18K|PT950,黄|白|玫瑰金
KLPW010896,18K金白色 大溪地黑珍珠吊坠 翱翔天使,女,珍珠,吊坠,已审核,是,0,18K|PT950,黄|白|玫瑰金
KLPW010847,锦绣 大溪地黑珍珠吊坠,女,珍珠,吊坠,已审核,是,0,18K|PT950,黄|白|玫瑰金
KLOX010842,双波纹18k链子,中性,K金,套装,已审核,是,0,18K,玫瑰黄|玫瑰白|黄白|分色|黄|白|玫瑰金|彩金
KLPW010840,伊甸园 海水珍珠吊坠,女,珍珠,吊坠,已审核,是,0,18K|PT950,黄|白|玫瑰金
KLPW010836,18K金白色 大溪地黑珍珠吊坠 三生情缘,女,珍珠,吊坠,已审核,是,0,18K|PT950,黄|白|玫瑰金
KLPW010831,终身成就 大溪地珍珠吊坠,女,珍珠,吊坠,已审核,是,0,18K|PT950,黄|白|玫瑰金
KLPW010830,时尚辣妈 大溪地珍珠吊坠,女,珍珠,吊坠,已审核,是,0,18K|PT950,黄|白|玫瑰金
KLPW010829,慈善爱心 大溪地珍珠吊坠,女,珍珠,吊坠,已审核,是,0,18K|PT950,黄|白|玫瑰金
KLPW010828,温柔贤惠 大溪地珍珠吊坠,女,珍珠,吊坠,已审核,是,0,18K|PT950,黄|白|玫瑰金
KLPW010827,含辛茹苦 大溪地珍珠吊坠,女,珍珠,吊坠,已审核,是,0,18K|PT950,黄|白|玫瑰金
KLPW010826,18K金白色 大溪地珍珠吊坠 宠爱,女,珍珠,吊坠,已审核,是,0,18K|PT950,黄|白|玫瑰金
KLNW010825,S925银 珍珠串链 爱自由,女,珍珠,项链,已审核,是,0,18K|PT950,玫瑰黄|玫瑰白|黄白|分色
KLNW010724,八字扭片链,女,PT,项链,已审核,是,0,PT950,白
KLDW010712,18K金黄色 群镶款 海水珍珠耳饰 华彩,女,珍珠,耳饰,已审核,是,0,18K|PT950,黄|白|玫瑰金
KLPW010710,万寿龟,女,宝石,吊坠,已审核,是,0,18K|PT950,黄|白|玫瑰金
KLPW010709,虎妞,女,宝石,吊坠,已审核,是,0,18K|PT950,黄|白|玫瑰金
KLPW010708,醉天使,女,宝石,吊坠,已审核,是,0,18K|PT950,黄|白|玫瑰金
KLPW010707,欢乐兔,女,宝石,吊坠,已审核,是,0,18K|PT950,黄|白|玫瑰金
KLPW010706,小红妹妹,女,宝石,吊坠,已审核,是,0,18K|PT950,黄|白|玫瑰金
KLPW010703,梦想座驾,女,宝石,吊坠,已审核,是,0,18K|PT950,黄|白|玫瑰金
KLPW010701,小兔子,女,宝石,吊坠,已审核,是,0,18K|PT950,玫瑰黄|玫瑰白|黄白|分色|黄|白|玫瑰金
KLPW010695,蛙鸣,女,宝石,吊坠,已审核,是,0,18K|PT950,玫瑰黄|玫瑰白|黄白|分色|黄|白|玫瑰金
KLPW010694,猫儿,女,宝石,吊坠,已审核,是,0,18K|PT950,黄|白|玫瑰金
KLPW010690,小狗,女,宝石,吊坠,已审核,是,0,18K|PT950,黄|白|玫瑰金
KLPW010687,猫,女,宝石,吊坠,已审核,是,0,18K|PT950,黄|白|玫瑰金
KLPW010686,灵蛇,女,宝石,吊坠,已审核,是,0,18K|PT950,玫瑰黄|玫瑰白|黄白|分色|黄|白|玫瑰金
KLPW010684,梦想座驾-白,女,宝石,吊坠,已审核,是,0,18K|PT950,玫瑰黄|玫瑰白|黄白|分色
KLPW010683,青蛙王子,女,宝石,吊坠,已审核,是,0,18K|PT950,黄|白|玫瑰金
KLPW010682,灵猫,女,宝石,吊坠,已审核,是,0,18K|PT950,黄|白|玫瑰金
KLPW010681,梦想座驾-红,女,宝石,吊坠,已审核,是,0,18K|PT950,玫瑰黄|玫瑰白|黄白|分色
KLPW010680,泡泡金鱼,女,宝石,吊坠,已审核,是,0,18K|PT950,黄|白|玫瑰金
KLPW010679,玉兔,女,宝石,吊坠,已审核,是,0,18K|PT950,黄|白|玫瑰金
KLPW010677,女孩,女,宝石,吊坠,已审核,是,0,18K|PT950,玫瑰黄|玫瑰白|黄白|分色
KLPW010674,馋嘴猫,女,宝石,吊坠,已审核,是,0,18K|PT950,玫瑰黄|玫瑰白|黄白|分色
KLPW010673,龙公主,女,宝石,吊坠,已审核,是,0,18K|PT950,玫瑰黄|玫瑰白|黄白|分色
KLPW010670,金鱼儿,女,宝石,吊坠,已审核,是,0,18K|PT950,玫瑰黄|玫瑰白|黄白|分色
KLPW010669,威风虎,女,宝石,吊坠,已审核,是,0,18K|PT950,玫瑰黄|玫瑰白|黄白|分色|黄|白|玫瑰金
KLPW010668,乖乖兔,女,宝石,吊坠,已审核,是,0,18K|PT950,玫瑰黄|玫瑰白|黄白|分色
KLPW010666,小明弟弟,女,宝石,吊坠,已审核,是,0,18K|PT950,玫瑰黄|玫瑰白|黄白|分色
KLPW010664,小马驹,女,宝石,吊坠,已审核,是,0,18K|PT950,玫瑰黄|玫瑰白|黄白|分色|黄|白|玫瑰金
KLPW010663,18K玫瑰金 翡翠吊坠 兔兔,女,宝石,吊坠,已审核,是,0,18K|PT950,玫瑰黄|玫瑰白|黄白|分色
KLPW010662,猴子捞月,女,宝石,吊坠,已审核,是,0,18K|PT950,玫瑰黄|玫瑰白|黄白|分色|黄|白|玫瑰金
KLPW010661,四叶草,女,宝石,吊坠,已审核,是,0,18K|PT950,玫瑰黄|玫瑰白|黄白|分色
KLPW010660,翡翠吊坠,女,宝石,吊坠,已审核,是,0,18K|PT950,黄|白|玫瑰金
KLPW010657,乖乖狗,女,宝石,吊坠,已审核,是,0,18K|PT950,玫瑰黄|玫瑰白|黄白|分色|黄|白|玫瑰金
KLPW010656,熊哥哥,女,宝石,吊坠,已审核,是,0,18K|PT950,玫瑰黄|玫瑰白|黄白|分色
KLPW010655,爱狗狗,女,宝石,吊坠,已审核,是,0,18K|PT950,黄|白|玫瑰金
KLPW010652,绵绵,女,宝石,吊坠,已审核,是,0,18K|PT950,玫瑰黄|玫瑰白|黄白|分色
KLPW010648,心锁,女,宝石,吊坠,已审核,是,0,18K|PT950,玫瑰黄|玫瑰白|黄白|分色
KLPW010647,翡翠吊坠,女,宝石,吊坠,已审核,是,0,18K|PT950,黄|白|玫瑰金
KLPW010643,俏羊羊,女,宝石,吊坠,已审核,是,0,18K|PT950,黄|白|玫瑰金
KLPW010642,兔兔,女,宝石,吊坠,已审核,是,0,18K|PT950,黄|白|玫瑰金
KLPW010641,猫咪公主,女,宝石,吊坠,已审核,是,0,18K|PT950,玫瑰黄|玫瑰白|黄白|分色
KLPW010640,虎妞,女,宝石,吊坠,已审核,是,0,18K|PT950,黄|白|玫瑰金
KLPW010639,爱猫咪,女,宝石,吊坠,已审核,是,0,18K|PT950,玫瑰黄|玫瑰白|黄白|分色
KLPW010564,S925银 大溪地黑珍珠吊坠 情系大溪地,女,珍珠,吊坠,已审核,是,0,18K|PT950,黄|白|玫瑰金
KLNW010539,18K金黄色 海水珍珠吊坠 金色伊人,女,珍珠,项链,已审核,是,0,18K|PT950,黄|白|玫瑰金
KLSW010517,黄18K金 海水珍珠手链  此生吾爱,女,珍珠,手链,已审核,是,0,18K|PT950,彩金|玫瑰黄|玫瑰白|黄白|分色|黄|白|玫瑰金
KLNW010451,黄18K金 淡水珍珠项链 凝香,女,珍珠,项链,已审核,是,0,18K|PT950,黄|白|玫瑰金
KLPW010438,S925银 大溪地黑珍珠吊坠 心语,女,珍珠,吊坠,已审核,是,0,18K|PT950,黄|白|玫瑰金
KLHW010391,18K金黄色 南洋珍珠耳环 凡雅,女,珍珠,耳饰,已审核,是,0,18K|PT950,黄|白|玫瑰金
KLPW010390,18K金黄色  群镶款 南洋海水金珍珠吊坠  金蝶起舞,女,珍珠,吊坠,已审核,是,0,18K|PT950,黄|白|玫瑰金
KLPW010389,18K金黄色 群镶款 海水珍珠吊坠 美丽佳人,女,珍珠,吊坠,已审核,是,0,18K|PT950,黄|白|玫瑰金
KLPW010388,18K金黄色 海水珍珠吊坠 珠圆玉润,女,珍珠,吊坠,已审核,是,0,18K|PT950,黄|白|玫瑰金
KLPW010387,依偎 9-10mm南洋金珍珠吊坠,女,珍珠,吊坠,已审核,是,0,18K|PT950,黄|白|玫瑰金
KLDW010383,18K白金 钻石耳钉 雨柔,女,钻石,耳饰,已审核,是,0,18K|PT950,白|玫瑰金|黄|玫瑰白|玫瑰黄|黄白|分色
KLPW010364,18K白金 钻石吊坠 和煦,女,钻石,吊坠,已审核,是,0,18K|PT950,白|玫瑰金|黄|玫瑰白|玫瑰黄|黄白|分色
KLDW010359,18K白金 钻石耳钉 海洋宠物,女,钻石,耳饰,已审核,是,0,18K|PT950,白|玫瑰金|黄|玫瑰白|玫瑰黄|黄白|分色
KLDW010352,18K白金 钻石耳钉 蝶趣,女,钻石,耳饰,已审核,是,0,18K|PT950,白|玫瑰金|黄|玫瑰白|玫瑰黄|黄白|分色
KLDW010259,18K彩金耳钉 飘雪,女,K金,耳饰,已审核,是,0,18K,彩金
KLDW010257,18K彩金耳钉 萦绕,女,K金,耳饰,已审核,是,0,18K,彩金
KLDW010256,18K彩金耳钉 炫彩梦想,女,K金,耳饰,已审核,是,0,18K,彩金
KLDW010253,18K彩金耳钉 心跳,女,K金,耳饰,已审核,是,0,18K,彩金
KLDW010250,18K彩金耳钉 祥福云,女,K金,耳饰,已审核,是,0,18K,彩金
KLDW010249,18K彩金耳钉 珍爱之心,女,K金,耳饰,已审核,是,0,18K,彩金
KLDW010248,缤纷之恋,女,K金,耳饰,已审核,是,0,18K,彩金
KLDW010246,18K彩金耳钉 跳跃音符,女,K金,耳饰,已审核,是,0,18K,彩金
KLDW010245,18K彩金耳钉 相依,女,K金,耳饰,已审核,是,0,18K,彩金
KLPW010000,18K玫瑰金吊坠 叶的思念,女,K金,吊坠,已审核,是,0,18K,玫瑰黄|玫瑰白|黄白|分色|黄|白|玫瑰金|彩金
KLPW009998,流心,女,K金,吊坠,已审核,是,0,18K,彩金
KLPW009783,18K玫瑰金手链 路路通立方,女,K金,吊坠,已审核,是,0,18K,玫瑰黄|玫瑰白|黄白|分色|黄|白|玫瑰金|彩金
KLPW009782,清雅丽人,女,K金,吊坠,已审核,是,0,18K,彩金
KLPW009781,18K玫瑰金 吊坠 花之恋,女,K金,吊坠,已审核,是,0,18K,玫瑰黄|玫瑰白|黄白|分色|黄|白|玫瑰金|彩金
KLPW009780,18K彩金 吊坠 梦之花,女,K金,吊坠,已审核,是,0,18K,彩金
KLPW009778,18K彩金 吊坠 爱の熊仔,女,K金,吊坠,已审核,是,0,18K,彩金
KLPW009776,18K彩金 吊坠 丘比特之恋,女,K金,吊坠,已审核,是,0,18K,彩金
KLPW009772,琉璃,女,K金,吊坠,已审核,是,0,18K,玫瑰黄|玫瑰白|黄白|分色|黄|白|玫瑰金|彩金
KLPW009770,18K彩金吊坠 三色花,女,K金,吊坠,已审核,是,0,18K,彩金
KLPW009769,吊坠,女,K金,吊坠,已审核,是,0,18K,玫瑰黄|玫瑰白|黄白|分色|黄|白|玫瑰金|彩金
KLDW009768,18K彩金耳钉 烂漫,女,K金,耳饰,已审核,是,0,18K,彩金
KLPW009767,18K玫瑰金吊坠 绣花球,女,K金,吊坠,已审核,是,0,18K,彩金
KLPW009761,18K彩金 吊坠 五彩缤纷,女,K金,吊坠,已审核,是,0,18K,彩金
KLDW009731,18K彩金耳钉 浪花朵朵,女,K金,耳饰,已审核,是,0,18K,彩金
KLPW009689,18K彩金 吊坠 雪绒花,女,K金,吊坠,已审核,是,0,18K,彩金
KLNW009678,项链-TTP,女,K金,项链,已审核,是,0,18K,彩金
KLDW009664,生机,女,K金,耳饰,已审核,是,0,18K,白|黄|玫瑰金
KLDW009663,18K玫瑰金耳钉 金绣球,女,K金,耳饰,已审核,是,0,18K,玫瑰黄|玫瑰白|黄白|分色|黄|白|玫瑰金|彩金
KLZW009662,18K彩金耳坠 佳人,女,K金,耳饰,已审核,是,0,18K,彩金
KLDW009661,18K彩金耳钉 欢动花蕊,女,K金,耳饰,已审核,是,0,18K,彩金
KLDW009660,18K白金耳钉 幸福年轮,女,K金,耳饰,已审核,是,0,18K,玫瑰黄|玫瑰白|黄白|分色|黄|白|玫瑰金|彩金
KLPW009659,18K玫瑰金吊坠 幸福里,女,K金,吊坠,已审核,是,0,18K,玫瑰黄|玫瑰白|黄白|分色|黄|白|玫瑰金|彩金
KLDW009658,18K彩金耳钉 绽放,女,K金,耳饰,已审核,是,0,18K,彩金
KLDW009623,18K彩金耳钉 飘逸,女,K金,耳饰,已审核,是,0,18K,彩金
KLZW009621,18K彩金耳坠 律动,女,K金,耳饰,已审核,是,0,18K,彩金
KLZW009620,18K彩金耳坠 复古,女,K金,耳饰,已审核,是,0,18K,彩金
KLZW009619,18K玫瑰金耳坠 雅韵,女,K金,耳饰,已审核,是,0,18K,彩金
KLZW009618,美幻风潮,女,K金,耳饰,已审核,是,0,18K,彩金
KLZW009617,甜心,女,K金,耳饰,已审核,是,0,18K,玫瑰黄|玫瑰白|黄白|分色|黄|白|玫瑰金|彩金
KLPW009616,18K彩金吊坠 秀慧,女,K金,吊坠,已审核,是,0,18K,玫瑰黄|玫瑰白|黄白|分色|黄|白|玫瑰金|彩金
KLZW009615,18K彩金耳坠 简,女,K金,耳饰,已审核,是,0,18K,彩金
KLZW009614,18K彩金耳坠 环环相扣,女,K金,耳饰,已审核,是,0,18K,彩金
KLSW009613,k金手链 zbc24469-TTP--已作废,女,K金,手链,已审核,是,0,18K,彩金
KLPW009578,18K彩金吊坠 淡雅蝶舞,女,K金,吊坠,已审核,是,0,18K,玫瑰黄|玫瑰白|黄白|分色|黄|白|玫瑰金|彩金
KLPW009572,守护真爱,女,K金,吊坠,已审核,是,0,18K,黄|白|玫瑰金
KLPW009571,18K白金吊坠 维纳斯之心,女,K金,吊坠,已审核,是,0,18K,黄|白|玫瑰金
KLDW009499,耳钉,女,钻石,耳饰,已审核,是,0,18K|PT950,白|玫瑰金|黄|玫瑰白|玫瑰黄|黄白|分色
KLPW009498,吊坠,女,钻石,吊坠,已审核,是,0,18K|PT950,白|玫瑰金|黄|玫瑰白|玫瑰黄|黄白|分色
KLPW009489,吊坠,女,钻石,吊坠,已审核,是,0,18K|PT950,白|玫瑰金|黄|玫瑰白|玫瑰黄|黄白|分色
KLPW009487,吊坠,女,钻石,吊坠,已审核,是,0,18K|PT950,白|玫瑰金|黄|玫瑰白|玫瑰黄|黄白|分色
KLPW009486,吊坠,女,钻石,吊坠,已审核,是,0,18K|PT950,白|玫瑰金|黄|玫瑰白|玫瑰黄|黄白|分色
KLPW009484,吊坠,女,钻石,吊坠,已审核,是,0,18K|PT950,白|玫瑰金|黄|玫瑰白|玫瑰黄|黄白|分色
KLPW009480,吊坠,女,钻石,吊坠,已审核,是,0,18K|PT950,白|玫瑰金|黄|玫瑰白|玫瑰黄|黄白|分色
KLPW009479,吊坠,女,钻石,吊坠,已审核,是,0,18K|PT950,白|玫瑰金|黄|玫瑰白|玫瑰黄|黄白|分色
KLPW009478,吊坠,女,钻石,吊坠,已审核,是,0,18K|PT950,白|玫瑰金|黄|玫瑰白|玫瑰黄|黄白|分色
KLPW009475,吊坠,女,钻石,吊坠,已审核,是,0,18K|PT950,白|玫瑰金|黄|玫瑰白|玫瑰黄|黄白|分色
KLPW009473,吊坠,女,钻石,吊坠,已审核,是,0,18K|PT950,白|玫瑰金|黄|玫瑰白|玫瑰黄|黄白|分色
KLPW009472,吊坠,女,钻石,吊坠,已审核,是,0,18K|PT950,白|玫瑰金|黄|玫瑰白|玫瑰黄|黄白|分色
KLPW009471,吊坠,女,钻石,吊坠,已审核,是,0,18K|PT950,白|玫瑰金|黄|玫瑰白|玫瑰黄|黄白|分色
KLDW009470,耳钉,女,钻石,耳饰,已审核,是,0,18K|PT950,白|玫瑰金|黄|玫瑰白|玫瑰黄|黄白|分色
KLPW009193,18K白金 钻石吊坠 熠熠,女,钻石,吊坠,已审核,是,0,18K|PT950,白|玫瑰金|黄|玫瑰白|玫瑰黄|黄白|分色
KLHW008911,外贸珍珠耳环,女,珍珠,耳饰,已审核,是,0,18K|PT950,黄|白|玫瑰金
KLPW008903,18K金白色 大溪地黑珍珠吊坠 绝美优雅 ,女,珍珠,吊坠,已审核,是,0,18K|PT950,黄|白|玫瑰金
KLHW008898,外贸珍珠耳环,女,珍珠,耳饰,已审核,是,0,18K|PT950,黄|白|玫瑰金
KLPW008889,沉静 大溪地黑珍珠吊坠,女,珍珠,吊坠,已审核,是,0,18K|PT950,黄|白|玫瑰金
KLPW008885,18K金白色 群镶款 大溪地黑珍珠吊坠 天鹅之吻 ,女,珍珠,吊坠,已审核,是,0,18K|PT950,黄|白|玫瑰金
KLPW008884,18K金白色 大溪地黑珍珠吊坠 琴音,女,珍珠,吊坠,已审核,是,0,18K|PT950,黄|白|玫瑰金
KLPW008882,18K金白色  群镶款 大溪地黑珍珠吊坠 米兰花开,女,珍珠,吊坠,已审核,是,0,18K|PT950,黄|白|玫瑰金
KLPW008879,18K金白色 群镶款 大溪地黑珍珠吊坠 玛丽亚的祝福,女,珍珠,吊坠,已审核,是,0,18K|PT950,黄|白|玫瑰金
KLPW008876,18K金白色 大溪地黑珍珠吊坠 秘密 ,女,珍珠,吊坠,已审核,是,0,18K|PT950,黄|白|玫瑰金
KLPW008875,18K金白色 大溪地黑珍珠吊坠 娉婷,女,珍珠,吊坠,已审核,是,0,18K|PT950,黄|白|玫瑰金
KLPW008814,18K白金 钻石吊坠 爱之钥匙,女,钻石,吊坠,已审核,是,0,18K|PT950,白|玫瑰金|黄|玫瑰白|玫瑰黄|黄白|分色
KLPW008812,18K白金 47分/0.47ct 群镶款钻石吊坠 星愿,女,钻石,吊坠,已审核,是,0,18K|PT950,白|玫瑰金|黄|玫瑰白|玫瑰黄|黄白|分色
KLPW008711,吊坠,女,钻石,吊坠,已审核,是,0,18K|PT950,白|玫瑰金|黄|玫瑰白|玫瑰黄|黄白|分色
KLPW008683,龙之珍珠 大溪地吊坠,女,珍珠,吊坠,已审核,是,0,18K|PT950,黄|白|玫瑰金
KLPW008640,18K金白色 大溪地黑珍珠吊坠 典藏,女,珍珠,吊坠,已审核,是,0,18K|PT950,黄|白|玫瑰金
KLPW008590,吊坠,女,钻石,吊坠,已审核,是,0,18K|PT950,白|玫瑰金|黄|玫瑰白|玫瑰黄|黄白|分色
KLPW008577,芳华,女,钻石,吊坠,已审核,是,0,18K|PT950,白|玫瑰金|黄|玫瑰白|玫瑰黄|黄白|分色
KLPW008575,18K白金 钻石吊坠 海之恋,女,钻石,吊坠,已审核,是,0,18K|PT950,白|玫瑰金|黄|玫瑰白|玫瑰黄|黄白|分色
KLPW008574,花水月,女,钻石,吊坠,已审核,是,0,18K|PT950,白|玫瑰金|黄|玫瑰白|玫瑰黄|黄白|分色
KLPW008570,爱的轨迹,女,钻石,吊坠,已审核,是,0,18K|PT950,白|玫瑰金|黄|玫瑰白|玫瑰黄|黄白|分色
KLPW008569,含蓄,女,钻石,吊坠,已审核,是,0,18K|PT950,白|玫瑰金|黄|玫瑰白|玫瑰黄|黄白|分色
KLPW008568,仙舞,女,钻石,吊坠,已审核,是,0,18K|PT950,白|玫瑰金|黄|玫瑰白|玫瑰黄|黄白|分色
KLPW008567,恋如火,女,钻石,吊坠,已审核,是,0,18K|PT950,白|玫瑰金|黄|玫瑰白|玫瑰黄|黄白|分色
KLPW008561,嫁纱,女,钻石,吊坠,已审核,是,0,18K|PT950,白|玫瑰金|黄|玫瑰白|玫瑰黄|黄白|分色
KLPW008509,丝路,女,钻石,吊坠,已审核,是,0,18K|PT950,白|玫瑰金|黄|玫瑰白|玫瑰黄|黄白|分色
KLPW008500,18K玫瑰金 吊坠 朝露,女,K金,吊坠,已审核,是,0,18K,玫瑰黄|玫瑰白|黄白|分色|黄|白|玫瑰金|彩金
KLPW008499,18K白金 吊坠 桃花吟,女,K金,吊坠,已审核,是,0,18K,黄|白|玫瑰金
KLPW008487,18K金白色 大溪地黑珍珠吊坠 情迷大溪地,女,珍珠,吊坠,已审核,是,0,18K|PT950,黄|白|玫瑰金
KLNW008479,一生一世,女,珍珠,项链,已审核,是,0,18K|PT950,黄|白|玫瑰金
KLPW008478,18K金白色 群镶款 大溪地黑珍珠吊坠 琵琶语丝  ,女,珍珠,吊坠,已审核,是,0,18K|PT950,黄|白|玫瑰金
KLPW008477,流连 大溪地黑珍珠吊坠,女,珍珠,吊坠,已审核,是,0,18K|PT950,黄|白|玫瑰金
KLPW008476,18K金白色 大溪地黑珍珠吊坠 心仪,女,珍珠,吊坠,已审核,是,0,18K|PT950,黄|白|玫瑰金
KLPW008473,18K金白色 大溪地黑珍珠吊坠 雅妍,女,珍珠,吊坠,已审核,是,0,18K|PT950,黄|白|玫瑰金
KLPW008472,大溪地黑珍珠吊坠 塔希提印象 ,女,珍珠,吊坠,已审核,是,0,18K|PT950,黄|白|玫瑰金
KLPW008471,白18K金 海水珍珠吊坠  珍琼,女,珍珠,吊坠,已审核,是,0,18K|PT950,黄|白|玫瑰金
KLDW008470,白18K金 海水珍珠耳坠  恋心,女,珍珠,耳饰,已审核,是,0,18K|PT950,黄|白|玫瑰金
KLRM008229,PT950铂金 情侣对戒 足迹,男,PT,男戒,已审核,是,0,18K|PT950,白
KLRM008116,PT950爱的剪影,男,PT,男戒,已审核,是,0,18K|PT950,白
KLRM008114,PT950诗情,男,PT,男戒,已审核,是,0,18K|PT950,白
KLDW007977,芳心 KGOLD耳钉,女,K金,耳饰,已审核,是,0,18K,白|黄|玫瑰金
KLDW007976,心花怒放 KGOLD耳钉 499 不做了 ,女,K金,耳饰,已审核,是,0,18K,白|黄|玫瑰金
KLDW007975,伊莎贝拉的秘密 KGOLD耳钉,女,K金,耳饰,已审核,是,0,18K,白|黄|玫瑰金
KLDW007974,18K白金耳钉 珠圆玉润,女,K金,耳饰,已审核,是,0,18K,黄|白|玫瑰金
KLPW007872,DZ,女,钻石,吊坠,已审核,是,0,18K|PT950,白|玫瑰金|黄|玫瑰白|玫瑰黄|黄白|分色
KLPW007857,DZ,女,钻石,吊坠,已审核,是,0,18K|PT950,白|玫瑰金|黄|玫瑰白|玫瑰黄|黄白|分色
KLPW007830,dz,女,钻石,吊坠,已审核,是,0,18K|PT950,白|玫瑰金|黄|玫瑰白|玫瑰黄|黄白|分色
KLPW007804,dz,女,钻石,吊坠,已审核,是,0,18K|PT950,白|玫瑰金|黄|玫瑰白|玫瑰黄|黄白|分色
KLPW007718,18K金白色 大溪地黑珍珠吊坠 爱火 ,女,珍珠,吊坠,已审核,是,0,18K|PT950,黄|白|玫瑰金
KLPW007512,18K白金  群镶款钻石吊坠 玎玲,女,钻石,吊坠,已审核,是,0,18K|PT950,白|玫瑰金|黄|玫瑰白|玫瑰黄|黄白|分色
KLPW007504,18K白金 群镶款钻石吊坠 年轮,女,钻石,吊坠,已审核,是,0,18K|PT950,白|玫瑰金|黄|玫瑰白|玫瑰黄|黄白|分色
KLPW007501,18K白金 钻石吊坠 心有灵犀,女,钻石,吊坠,已审核,是,0,18K|PT950,白|玫瑰金|黄|玫瑰白|玫瑰黄|黄白|分色
KLDW007456,18K白金 钻石耳钉 羁绊,女,钻石,耳饰,已审核,是,0,18K|PT950,白|玫瑰金|黄|玫瑰白|玫瑰黄|黄白|分色
KLDW007454,18K白金 钻石耳钉 玫魅,女,钻石,耳饰,已审核,是,0,18K|PT950,白|玫瑰金|黄|玫瑰白|玫瑰黄|黄白|分色
KLDW007452,18K白金 26.5分/0.265ct 群镶款钻石耳钉 绽放,女,钻石,耳饰,已审核,是,0,18K|PT950,白|玫瑰金|黄|玫瑰白|玫瑰黄|黄白|分色
KLPW007449,18K白金 群镶款钻石吊坠 呵护,女,钻石,吊坠,已审核,是,0,18K|PT950,白|玫瑰金|黄|玫瑰白|玫瑰黄|黄白|分色
KLPW007447,18K白金 群镶款钻石吊坠 环环相扣,女,钻石,吊坠,已审核,是,0,18K|PT950,白|玫瑰金|黄|玫瑰白|玫瑰黄|黄白|分色
KLPW007446,18K白金 群镶款钻石吊坠 丝丝回忆,女,钻石,吊坠,已审核,是,0,18K|PT950,白|玫瑰金|黄|玫瑰白|玫瑰黄|黄白|分色
KLPW007445,18K白金 群镶款钻石吊坠 冬去春来,女,钻石,吊坠,已审核,是,0,18K|PT950,白|玫瑰金|黄|玫瑰白|玫瑰黄|黄白|分色
KLPW007443,秋之荡漾,女,钻石,吊坠,已审核,是,0,18K|PT950,白|玫瑰金|黄|玫瑰白|玫瑰黄|黄白|分色
KLPW007442,18K白金 钻石吊坠 叶缘,女,钻石,吊坠,已审核,是,0,18K|PT950,白|玫瑰金|黄|玫瑰白|玫瑰黄|黄白|分色
KLPW007441,婀娜多姿,女,钻石,吊坠,已审核,是,0,18K|PT950,白|玫瑰金|黄|玫瑰白|玫瑰黄|黄白|分色
KLPW007440,18K白金 钻石吊坠 石榴裙之舞,女,钻石,吊坠,已审核,是,0,18K|PT950,白|玫瑰金|黄|玫瑰白|玫瑰黄|黄白|分色
KLOX007316,链子,中性,配件,套装,已审核,是,0,18K|PT950,按图做
KLPW007305,18K白金 23分/0.23ct 群镶款钻石吊坠 光曜,女,钻石,吊坠,已审核,是,0,18K|PT950,白|玫瑰金|黄|玫瑰白|玫瑰黄|黄白|分色
KLPW007304,18K白金  群镶款钻石吊坠 非你莫属,女,钻石,吊坠,已审核,是,0,18K|PT950,白|玫瑰金|黄|玫瑰白|玫瑰黄|黄白|分色
KLPW007301,18K白金 32分/0.32ct 群镶款钻石吊坠 冰雪,女,钻石,吊坠,已审核,是,0,18K|PT950,白|玫瑰金|黄|玫瑰白|玫瑰黄|黄白|分色
KLPW006992,18K白金 群镶款钻石吊坠 秘密花园,女,钻石,吊坠,已审核,是,0,18K|PT950,白|玫瑰金|黄|玫瑰白|玫瑰黄|黄白|分色
KLPW006990,18K白金 群镶款钻石吊坠 妖娆,女,钻石,吊坠,已审核,是,0,18K|PT950,白|玫瑰金|黄|玫瑰白|玫瑰黄|黄白|分色
KLPW006985,18K白金 51分/0.51ct 群镶款钻石吊坠 四季,女,钻石,吊坠,已审核,是,0,18K|PT950,白|玫瑰金|黄|玫瑰白|玫瑰黄|黄白|分色
KLPW006982,18K白金 80分/0.8ct 群镶款钻石吊坠夜语,女,钻石,吊坠,已审核,是,0,18K|PT950,白|玫瑰金|黄|玫瑰白|玫瑰黄|黄白|分色
KLPW006968,18K玫瑰金吊坠 爱你一辈子,女,K金,吊坠,已审核,是,0,18K,玫瑰黄|玫瑰白|黄白|分色|黄|白|玫瑰金|彩金
KLPW006967,18K彩金吊坠 花儿朵朵,女,K金,吊坠,已审核,是,0,18K,彩金
KLPW006965,吉祥幸运兔 时来运转,女,K金,吊坠,已审核,是,0,18K,彩金
KLPW006964,美美桃花兔 时来运转,女,K金,吊坠,已审核,是,0,18K,彩金
KLPW006962,18K玫瑰金 2.1分/0.021ct 群镶款钻石吊坠 时来运转―乖乖淑女兔 ,女,K金,吊坠,已审核,是,0,18K,彩金
KLPW006961,开心幸运兔 时来运转,女,K金,吊坠,已审核,是,0,18K,彩金
KLPW006959,财源滚滚 KGOLD吊坠,女,K金,吊坠,已审核,是,0,18K,玫瑰黄|玫瑰白|黄白|分色|黄|白|玫瑰金|彩金
KLDW006958,18K白金耳钉 甜心宠儿,女,K金,耳饰,已审核,是,0,18K,黄|白|玫瑰金
KLPW006957,午后心情,女,K金,吊坠,已审核,是,0,18K,彩金
KLPW006956,18K白金 吊坠 爱神之箭,女,K金,吊坠,已审核,是,0,18K,黄|白|玫瑰金
KLPW006939,18K白金 群镶款钻石吊坠 百变佳人,女,钻石,吊坠,已审核,是,0,18K|PT950,白|玫瑰金|黄|玫瑰白|玫瑰黄|黄白|分色
KLPW006935,18K白金 钻石吊坠 深海召唤,女,钻石,吊坠,已审核,是,0,18K|PT950,白|玫瑰金|黄|玫瑰白|玫瑰黄|黄白|分色
KLPW006934,18K白色  群镶款钻石吊坠 百变四叶草,女,钻石,吊坠,已审核,是,0,18K|PT950,白|玫瑰金|黄|玫瑰白|玫瑰黄|黄白|分色
KLPW006601,18K金白色 大溪地黑珍珠吊坠 相逢,女,珍珠,吊坠,已审核,是,0,18K|PT950,黄|白|玫瑰金
KLPW006600,希冀 大溪地黑珍珠吊坠,女,珍珠,吊坠,已审核,是,0,18K|PT950,黄|白|玫瑰金
KLPW006599,18K金白色 大溪地黑珍珠吊坠 天鹅之恋 ,女,珍珠,吊坠,已审核,是,0,18K|PT950,黄|白|玫瑰金
KLPW006598,18K金白色 大溪地黑珍珠吊坠 简单爱,女,珍珠,吊坠,已审核,是,0,18K|PT950,黄|白|玫瑰金
KLPW006597,18K金白色 大溪地黑珍珠吊坠 大溪地之心,女,珍珠,吊坠,已审核,是,0,18K|PT950,黄|白|玫瑰金
KLPW006596,缠绵 大溪地珍珠吊坠,女,珍珠,吊坠,已审核,是,0,18K|PT950,黄|白|玫瑰金
KLDW006571,18K白金 钻石耳钉 醉心,女,钻石,耳饰,已审核,是,0,18K|PT950,白|玫瑰金|黄|玫瑰白|玫瑰黄|黄白|分色
KLDW006567,耳钉,女,钻石,耳饰,已审核,是,0,18K|PT950,白|玫瑰金|黄|玫瑰白|玫瑰黄|黄白|分色
KLDW006559,耳钉,女,钻石,耳饰,已审核,是,0,18K|PT950,白|玫瑰金|黄|玫瑰白|玫瑰黄|黄白|分色
KLDW006544,耳钉,女,钻石,耳饰,已审核,是,0,18K|PT950,白|玫瑰金|黄|玫瑰白|玫瑰黄|黄白|分色
KLDW006543,耳钉--已作废,女,钻石,耳饰,已审核,是,0,18K|PT950,白|玫瑰金|黄|玫瑰白|玫瑰黄|黄白|分色
KLDW006533,耳钉,女,钻石,耳饰,已审核,是,0,18K|PT950,白|玫瑰金|黄|玫瑰白|玫瑰黄|黄白|分色
KLDW006524,耳钉--已作废,女,钻石,耳饰,已审核,是,0,18K|PT950,白|玫瑰金|黄|玫瑰白|玫瑰黄|黄白|分色
KLDW006521,菟丝草,女,钻石,耳饰,已审核,是,0,18K|PT950,白|玫瑰金|黄|玫瑰白|玫瑰黄|黄白|分色
KLDW006520,耳钉,女,钻石,耳饰,已审核,是,0,18K|PT950,白|玫瑰金|黄|玫瑰白|玫瑰黄|黄白|分色
KLDW006516,耳钉,女,钻石,耳饰,已审核,是,0,18K|PT950,白|玫瑰金|黄|玫瑰白|玫瑰黄|黄白|分色
KLDW006514,耳钉,女,钻石,耳饰,已审核,是,0,18K|PT950,白|玫瑰金|黄|玫瑰白|玫瑰黄|黄白|分色
KLTX006391,流星雨 对戒,中性,钻石,套装,已审核,是,0,18K|PT950,白|黄|玫瑰金
KLPW006370,吊坠,女,K金,吊坠,已审核,是,0,18K,白|黄|玫瑰金
KLOX006299,s925银链,中性,银饰,套装,已审核,是,0,18K|PT950,按图做
KLPW006264,18K白金 钻石吊坠 春之花系列―柔婉,女,钻石,吊坠,已审核,是,0,18K|PT950,白|玫瑰金|黄|玫瑰白|玫瑰黄|黄白|分色
KLPW006196,爱相随 天然海水白珍珠吊坠 ,女,珍珠,吊坠,已审核,是,0,18K|PT950,黄|白|玫瑰金
KLPW006195,白18k金 天然海水珍珠吊坠 花焰海水,女,珍珠,吊坠,已审核,是,0,18K|PT950,黄|白|玫瑰金
KLPW006194,18K金白色 大溪地黑珍珠吊坠 秀雅,女,珍珠,吊坠,已审核,是,0,18K|PT950,黄|白|玫瑰金
KLPW006193,18K金白色 大溪地黑珍珠吊坠 海洋回忆,女,珍珠,吊坠,已审核,是,0,18K|PT950,黄|白|玫瑰金
KLOX006170, PT950铂金元宝项链/金链(40cm),中性,PT,套装,已审核,是,0,18K|PT950,白
KLOX006166, PT950铂金瓜子项链/金链（45cm）,中性,PT,套装,已审核,是,0,18K|PT950,白
KLOX006160,18K白金项链-日字金链●送女友（45cm）,中性,K金,套装,已审核,是,0,18K,黄|白|玫瑰金
KLOX006158,PT950铂金满天星项链/金链 （45cm）,中性,PT,套装,已审核,是,0,18K|PT950,白
KLOX006148,意大利瓜子金链,中性,配件,套装,已审核,是,0,18K|PT950,按图做
KLDW006135,白18K金  群镶款 海水珍珠耳饰 雅致,女,珍珠,耳饰,已审核,是,0,18K|PT950,黄|白|玫瑰金
KLPW006081,18K白金 群镶款钻石吊坠 花恋心语,女,钻石,吊坠,已审核,是,0.1,18K|PT950,白|玫瑰金|黄|玫瑰白|玫瑰黄|黄白|分色
KLPW006068,18K白金 钻石吊坠 悦音,女,钻石,吊坠,已审核,是,0.1,18K|PT950,白|玫瑰金|黄|玫瑰白|玫瑰黄|黄白|分色
KLNW006049,18K玫瑰色水波纹项链  16寸40-42CM,女,K金,项链,已审核,是,0,18K,玫瑰黄|玫瑰白|黄白|分色|黄|白|玫瑰金|彩金
KLPW005289,吊坠--已作废,女,钻石,吊坠,已审核,是,0,18K|PT950,白|玫瑰金|黄|玫瑰白|玫瑰黄|黄白|分色
KLPW005279,吊坠--已作废,女,钻石,吊坠,已审核,是,0.1,18K|PT950,白|玫瑰金|黄|玫瑰白|玫瑰黄|黄白|分色
KLPW005238,吊坠--已作废,女,钻石,吊坠,已审核,是,0,18K|PT950,白|玫瑰金|黄|玫瑰白|玫瑰黄|黄白|分色
KLPW002220,吊坠,女,钻石,吊坠,已审核,是,0.1,18K|PT950,白|玫瑰金|黄|玫瑰白|玫瑰黄|黄白|分色
KLPW002218,吊坠,女,钻石,吊坠,已审核,是,0.1,18K|PT950,白|玫瑰金|黄|玫瑰白|玫瑰黄|黄白|分色
KLPW002216,吊坠,女,钻石,吊坠,已审核,是,0.1,18K|PT950,白|玫瑰金|黄|玫瑰白|玫瑰黄|黄白|分色
KLPW002209,吊坠,女,钻石,吊坠,已审核,是,0.2,18K|PT950,白|玫瑰金|黄|玫瑰白|玫瑰黄|黄白|分色
KLPW002199,吊坠,女,钻石,吊坠,已审核,是,0,18K|PT950,白|玫瑰金|黄|玫瑰白|玫瑰黄|黄白|分色
KLPW002195,吊坠,女,钻石,吊坠,已审核,是,0.1,18K|PT950,白|玫瑰金|黄|玫瑰白|玫瑰黄|黄白|分色
KLPW002193,吊坠,女,钻石,吊坠,已审核,是,0,18K|PT950,白|玫瑰金|黄|玫瑰白|玫瑰黄|黄白|分色
KLPW002163,沉醉,女,K金,吊坠,已审核,是,0,18K,玫瑰黄|玫瑰白|黄白|分色|黄|白|玫瑰金|彩金
KLPW002161,缠绕,女,K金,吊坠,已审核,是,0,18K,彩金
KLPW002160,18K白金 吊坠 玲珑秀,女,K金,吊坠,已审核,是,0,18K,玫瑰黄|玫瑰白|黄白|分色|黄|白|玫瑰金|彩金
KLPW002135,白18K金 天然海水珍珠吊坠 爱满心田  ,女,珍珠,吊坠,已审核,是,0,18K|PT950,黄|白|玫瑰金
KLPW001990,18K金白色 大溪地黑珍珠吊坠 精灵之舞,女,珍珠,吊坠,已审核,是,0,18K|PT950,黄|白|玫瑰金
KLPW001989,浪之舞 大溪地珍珠吊坠,女,珍珠,吊坠,已审核,是,0,18K|PT950,黄|白|玫瑰金
KLPW001988,18K金白色 大溪地黑珍珠吊坠 牵挽,女,珍珠,吊坠,已审核,是,0,18K|PT950,黄|白|玫瑰金
KLPW001801,【珂兰钻石】温婉柔情18K白金钻石吊坠0.1ct,女,钻石,吊坠,已审核,是,0.10|0.20|0.30,18K|PT950,白|玫瑰金|黄|玫瑰白|玫瑰黄|黄白|分色
KLPW001792,窈窕,女,钻石,吊坠,已审核,是,0.4,18K|PT950,白|玫瑰金|黄|玫瑰白|玫瑰黄|黄白|分色
KLPW001721,白18K金 天然海水珍珠吊坠 爱上天使,女,珍珠,吊坠,已审核,是,0,18K|PT950,玫瑰黄|玫瑰白|黄白|分色|黄|白|玫瑰金
KLDW001656,18K白金耳钉 花之梦,女,K金,耳饰,已审核,是,0,18K,黄|白|玫瑰金
KLDW001634,耳钉,女,钻石,耳饰,已审核,是,0.1,18K|PT950,白|玫瑰金|黄|玫瑰白|玫瑰黄|黄白|分色
KLDW001615,耳环,女,钻石,耳饰,已审核,是,0,18K|PT950,白|玫瑰金|黄|玫瑰白|玫瑰黄|黄白|分色
KLDW001597,18K白金 钻石耳钉 三心爱意,女,钻石,耳饰,已审核,是,0,18K|PT950,白|玫瑰金|黄|玫瑰白|玫瑰黄|黄白|分色
KLDW001575,耳钉,女,钻石,耳饰,已审核,是,0.1,18K|PT950,白|玫瑰金|黄|玫瑰白|玫瑰黄|黄白|分色
KLDW001559,18K白金 钻石耳钉 堇花,女,钻石,耳饰,已审核,是,0.10|0.20,18K|PT950,白|玫瑰金|黄|玫瑰白|玫瑰黄|黄白|分色
KLDW001517,心之魅影,女,钻石,耳饰,已审核,是,0.1,18K|PT950,白|玫瑰金|黄|玫瑰白|玫瑰黄|黄白|分色
KLDW001512,L心,女,钻石,耳饰,已审核,是,0.1,18K|PT950,白|玫瑰金|黄|玫瑰白|玫瑰黄|黄白|分色
KLDW001497,花息,女,钻石,耳饰,已审核,是,0.1,18K|PT950,白|玫瑰金|黄|玫瑰白|玫瑰黄|黄白|分色
KLDW001496,18K白金 钻石耳钉 心调,女,钻石,耳饰,已审核,是,0.1,18K|PT950,白|玫瑰金|黄|玫瑰白|玫瑰黄|黄白|分色
KLDW001485,18K金白色 大溪地黑珍珠耳坠 心之印记,女,珍珠,耳饰,已审核,是,0,18K|PT950,黄|白|玫瑰金
KLDW001484,白18K金 群镶款 海水珍珠耳坠 邂逅美丽,女,珍珠,耳饰,已审核,是,0,18K|PT950,黄|白|玫瑰金
KLSW001460,幸运魔方,女,K金,手链,已审核,是,0,18K,彩金
KLSW001456,18K彩金手链 快乐乐章,女,K金,手链,已审核,是,0,18K,彩金
KLSW001426,金龙生肖时来运转手链 十二生肖系列,女,K金,手链,已审核,是,0,18K,彩金
KLSW001425,金鼠生肖时来运转手链 十二生肖系列,女,K金,手链,已审核,是,0,18K,玫瑰黄|玫瑰白|黄白|分色|黄|白|玫瑰金|彩金
KLSW001424,金鸡生肖时来运转 十二生肖系列,女,K金,手链,已审核,是,0,18K,彩金
KLSW001423,金马生肖时来运转 十二生肖系列,女,K金,手链,已审核,是,0,18K,玫瑰黄|玫瑰白|黄白|分色|黄|白|玫瑰金|彩金
KLSW001422,金蛇生肖时来运转 十二生肖系列,女,K金,手链,已审核,是,0,18K,玫瑰黄|玫瑰白|黄白|分色|黄|白|玫瑰金|彩金
KLSW001421,金虎生肖时来运转 十二生肖系列,女,K金,手链,已审核,是,0,18K,玫瑰黄|玫瑰白|黄白|分色|黄|白|玫瑰金|彩金
KLSW001420,金羊生肖时来运转 十二生肖系列,女,K金,手链,已审核,是,0,18K,玫瑰黄|玫瑰白|黄白|分色|黄|白|玫瑰金|彩金
KLSW001419,金猴生肖时来运转 十二生肖系列,女,K金,手链,已审核,是,0,18K,玫瑰黄|玫瑰白|黄白|分色|黄|白|玫瑰金|彩金
KLSW001418,金猪生肖时来运转 十二生肖系列,女,K金,手链,已审核,是,0,18K,玫瑰黄|玫瑰白|黄白|分色|黄|白|玫瑰金|彩金
KLSW001417,金狗生肖时来运转 十二生肖系列,女,K金,手链,已审核,是,0,18K,玫瑰黄|玫瑰白|黄白|分色|黄|白|玫瑰金|彩金
KLSW001416,金牛生肖时来运转 十二生肖系列,女,K金,手链,已审核,是,0,18K,彩金
KLSW001415,金兔生肖时来运转 十二生肖系列,女,K金,手链,已审核,是,0,18K,彩金
KLDW000792,心心相许,女,K金,耳饰,已审核,是,0,18K,彩金
KLDW000710,耳钉,女,钻石,耳饰,已审核,是,0.1,18K|PT950,白|玫瑰金|黄|玫瑰白|玫瑰黄|黄白|分色
KLDW000689,耳钉,女,钻石,耳饰,已审核,是,0.1,18K|PT950,白|玫瑰金|黄|玫瑰白|玫瑰黄|黄白|分色
KLPW000413,海露  珍珠吊坠,女,珍珠,吊坠,已审核,是,0,18K|PT950,黄|白|玫瑰金
KLNW000404,18K白金 项链 remember ,女,K金,项链,已审核,是,0,18K,白
KLNW000402,remember  ,女,K金,项链,已审核,是,0,18K,彩金
KLPW000379,金猪生肖时来运转,女,K金,吊坠,已审核,是,0,18K,玫瑰黄|玫瑰白|黄白|分色|黄|白|玫瑰金|彩金
KLPW000378,金羊生肖时来运转,女,K金,吊坠,已审核,是,0,18K,彩金
KLPW000377,金兔生肖时来运转,女,K金,吊坠,已审核,是,0,18K,彩金
KLPW000375,金鼠生肖时来运转,女,K金,吊坠,已审核,是,0,18K,彩金
KLPW000374,金蛇生肖时来运转,女,K金,吊坠,已审核,是,0,18K,彩金
KLPW000373,金牛生肖时来运转 ,女,K金,吊坠,已审核,是,0,18K,玫瑰黄|玫瑰白|黄白|分色|黄|白|玫瑰金|彩金
KLPW000372,金马生肖时来运转,女,K金,吊坠,已审核,是,0,18K,彩金
KLPW000370,金龙生肖时来运转,女,K金,吊坠,已审核,是,0,18K,玫瑰黄|玫瑰白|黄白|分色|黄|白|玫瑰金|彩金
KLPW000369,金鸡生肖时来运转,女,K金,吊坠,已审核,是,0,18K,玫瑰黄|玫瑰白|黄白|分色|黄|白|玫瑰金|彩金
KLPW000367,金虎生肖时来运转,女,K金,吊坠,已审核,是,0,18K,彩金
KLPW000366,金猴生肖时来运转,女,K金,吊坠,已审核,是,0,18K,彩金
KLPW000364,金狗生肖时来运转 钻石吊坠,女,K金,吊坠,已审核,是,0,18K,彩金
KLSW000349,星光,女,钻石,手链,已审核,是,0.10|0.20,18K|PT950,白|玫瑰金|黄|玫瑰白|玫瑰黄|黄白|分色
KLDW000273,珂兰钻石 18K白金钻石耳环 灵莹,女,钻石,耳饰,已审核,是,0.1,18K|PT950,白|玫瑰金|黄|玫瑰白|玫瑰黄|黄白|分色
KLDW000267,巴洛克之心,女,钻石,耳饰,已审核,是,0.1,18K|PT950,白|玫瑰金|黄|玫瑰白|玫瑰黄|黄白|分色
KLDX000266,英伦之爱   钻石耳坠 ,中性,钻石,耳饰,已审核,是,0.1,18K|PT950,白|黄|玫瑰金
KLDW000257,皇桂   钻石耳坠 ,女,钻石,耳饰,已审核,是,0.1,18K|PT950,白|玫瑰金|黄|玫瑰白|玫瑰黄|黄白|分色
KLDW000251,叶映   钻石耳坠 ,女,钻石,耳饰,已审核,是,0.10|0.20,18K|PT950,白|玫瑰金|黄|玫瑰白|玫瑰黄|黄白|分色
KLDW000245,18K白金 20分/0.2ct 钻石耳钉 花影,女,钻石,耳饰,已审核,是,0.2,18K|PT950,白|玫瑰金|黄|玫瑰白|玫瑰黄|黄白|分色
KLDW000238,白18K金 海水珍珠耳饰 爱满心田,女,珍珠,耳饰,已审核,是,0,18K|PT950,黄|白|玫瑰金
KLPW000170,骄人 天然海水珍珠吊坠 ,女,珍珠,吊坠,已审核,是,0,18K|PT950,黄|白|玫瑰金
KLPW000169,摇曳   大溪地黑珍珠吊坠,女,珍珠,吊坠,已审核,是,0,18K|PT950,黄|白|玫瑰金
KLPW000168,18K金白色 大溪地黑珍珠吊坠 守护天使,女,珍珠,吊坠,已审核,是,0,18K|PT950,黄|白|玫瑰金
KLPW000167,18K金白色 大溪地黑珍珠吊坠 纤柔,女,珍珠,吊坠,已审核,是,0,18K|PT950,黄|白|玫瑰金
KLPW000163, 一生守护  8.5-9mm大溪地黑珍珠吊坠,女,珍珠,吊坠,已审核,是,0,18K|PT950,黄|白|玫瑰金
KLPW000152,百年好合   钻石吊坠,女,钻石,吊坠,已审核,是,0.1,18K|PT950,白|玫瑰金|黄|玫瑰白|玫瑰黄|黄白|分色
KLPW000151,永结同心   钻石吊坠,女,钻石,吊坠,已审核,是,0.2,18K|PT950,白|玫瑰金|黄|玫瑰白|玫瑰黄|黄白|分色
KLPW000149,月光芭蕾   钻石吊坠,女,钻石,吊坠,已审核,是,0.1,18K|PT950,白|玫瑰金|黄|玫瑰白|玫瑰黄|黄白|分色
KLPW000134,18K白金 钻石吊坠 水月 ,女,钻石,吊坠,已审核,是,0.10|0.20,18K|PT950,白|玫瑰金|黄|玫瑰白|玫瑰黄|黄白|分色
KLPW000106,18K白金  群镶款钻石吊坠 情人结系列同心结 ,女,钻石,吊坠,已审核,是,0.1,18K|PT950,白|玫瑰金|黄|玫瑰白|玫瑰黄|黄白|分色
KLPW000087,18K白金  钻石吊坠 文美 ,女,钻石,吊坠,已审核,是,0.10|0.50,18K|PT950,白|玫瑰金|黄|玫瑰白|玫瑰黄|黄白|分色
KLPW000080,18K白金 钻石吊坠 花灵 ,女,钻石,吊坠,已审核,是,0.1,18K|PT950,白|玫瑰金|黄|玫瑰白|玫瑰黄|黄白|分色
KLPW000077,心绵  钻石吊坠,女,钻石,吊坠,已审核,是,0.1,18K|PT950,白|玫瑰金|黄|玫瑰白|玫瑰黄|黄白|分色
KLPW000070,灵怡  钻石吊坠,女,钻石,吊坠,已审核,是,0.1,18K|PT950,白|玫瑰金|黄|玫瑰白|玫瑰黄|黄白|分色
KLPW000069,18K白金 钻石吊坠 绝代,女,钻石,吊坠,已审核,是,0.10|0.40,18K|PT950,白|玫瑰金|黄|玫瑰白|玫瑰黄|黄白|分色
KLPW000039,风尚   钻石吊坠,女,钻石,吊坠,已审核,是,0,18K|PT950,白|玫瑰金|黄|玫瑰白|玫瑰黄|黄白|分色
KLPW000035,18K金白色 大溪地黑珍珠吊坠 赐爱,女,珍珠,吊坠,已审核,是,0,18K|PT950,黄|白|玫瑰金
KLPW000029,白18K金 群镶款 天然海水珍珠吊坠  晨露,女,珍珠,吊坠,已审核,是,0,18K|PT950,黄|白|玫瑰金
KLPW000027,18K金白色 大溪地黑珍珠吊坠 玲珑,女,珍珠,吊坠,已审核,是,0,18K|PT950,黄|白|玫瑰金
KLPW000026,18K金白色 大溪地黑珍珠吊坠 爱的旋律,女,珍珠,吊坠,已审核,是,0,18K|PT950,黄|白|玫瑰金
KLPW000024,18K金白色 大溪地黑珍珠吊坠 神秘华彩 ,女,珍珠,吊坠,已审核,是,0,18K|PT950,黄|白|玫瑰金
KLPW000017,18K白金 群镶款钻石吊坠 溢彩 ,女,钻石,吊坠,已审核,是,0,18K|PT950,白|玫瑰金|黄|玫瑰白|玫瑰黄|黄白|分色
KLPW000015,18K金白色 大溪地黑珍珠吊坠 真恋,女,珍珠,吊坠,已审核,是,0,18K|PT950,黄|白|玫瑰金
